,기준금리(연%),가계대출금리(연%),소비자물가지수_총(2020=100),원화환율(원/달러),주택매매가격지수(2022.01=100),콜금리(연%),국고채3년금리(연%),경제성장률,실업률(%),외환보유액_총(천달러),외환보유액_금(천달러),외환보유액_특별인출권(천달러),외환보유액_IMF포지션(천달러),외환보유액_예치금및유가증권(천달러),기업대출(십억원),가계대출_총(십억원),가계대출_주택(십억원),가계대출_기타(십억원),국채(십억원)
1960-05-01,,,,,,,,4.5,,,,,,,,,,,
1960-06-01,,,,,,,,2.6333333333333337,,,,,,,,,,,
1960-07-01,,,,,,,,0.766666666666667,,,,,,,,,,,
1960-08-01,,,,,,,,-1.1,,,,,,,,,,,
1960-09-01,,,,,,,,-0.5333333333333333,,,,,,,,,,,
1960-10-01,,,,,,,,0.03333333333333344,,,,,,,,,,,
1960-11-01,,,,,,,,0.6,,,,,,,,,,,
1960-12-01,,,,,,,,1.4666666666666668,,,,,,,,,,,
1961-01-01,,,,,,,,2.3333333333333335,,,,,,,,,,,
1961-02-01,,,,,,,,3.2,,,,,,,,,,,
1961-03-01,,,,,,,,3.566666666666667,,,,,,,,,,,
1961-04-01,,,,,,,,3.933333333333333,,,,,,,,,,,
1961-05-01,,,,,,,,4.3,,,,,,,,,,,
1961-06-01,,,,,,,,2.2666666666666666,,,,,,,,,,,
1961-07-01,,,,,,,,0.2333333333333334,,,,,,,,,,,
1961-08-01,,,,,,,,-1.8,,,,,,,,,,,
1961-09-01,,,,,,,,-0.7666666666666666,,,,,,,,,,,
1961-10-01,,,,,,,,0.26666666666666683,,,,,,,,,,,
1961-11-01,,,,,,,,1.3,,,,,,,,,,,
1961-12-01,,,,,,,,1.5333333333333334,,,,,,,,,,,
1962-01-01,,,,,,,,1.7666666666666666,,,,,,,,,,,
1962-02-01,,,,,,,,2.0,,,,,,,,,,,
1962-03-01,,,,,,,,0.7,,,,,,,,,,,
1962-04-01,,,,,,,,-0.6000000000000001,,,,,,,,,,,
1962-05-01,,,,,,,,-1.9,,,,,,,,,,,
1962-06-01,,,,,,,,-0.30000000000000004,,,,,,,,,,,
1962-07-01,,,,,,,,1.2999999999999998,,,,,,,,,,,
1962-08-01,,,,,,,,2.9,,,,,,,,,,,
1962-09-01,,,,,,,,2.9,,,,,,,,,,,
1962-10-01,,,,,,,,2.9,,,,,,,,,,,
1962-11-01,,,,,,,,2.9,,,,,,,,,,,
1962-12-01,,,,,,,,3.9000000000000004,,,,,,,,,,,
1963-01-01,,,,,,,,4.9,,,,,,,,,,,
1963-02-01,,,,,,,,5.9,,,,,,,,,,,
1963-03-01,,,,,,,,3.1333333333333333,,,,,,,,,,,
1963-04-01,,,,,,,,0.36666666666666625,,,,,,,,,,,
1963-05-01,,,,,,,,-2.4,,,,,,,,,,,
1963-06-01,,,,,,,,-0.5000000000000002,,,,,,,,,,,
1963-07-01,,,,,,,,1.3999999999999995,,,,,,,,,,,
1963-08-01,,,,,,,,3.3,,,,,,,,,,,
1963-09-01,,,,,,,,2.2333333333333334,,,,,,,,,,,
1963-10-01,,,,,,,,1.1666666666666665,,,,,,,,,,,
1963-11-01,,,,,,,,0.1,,,,,,,,,,,
1963-12-01,,,,,,,,2.066666666666667,,,,,,,,,,,
1964-01-01,,,,,,,,4.033333333333333,,,,,,,,,,,
1964-02-01,,,,,,,,6.0,,,,,,,,,,,
1964-03-01,,,,,,,,3.033333333333333,,,,,,,,,,,
1964-04-01,,,,,,,,0.06666666666666643,,,,,,,,,,,
1964-05-01,,,,,,,,-2.9,,,,,,,,,,,
1964-06-01,,,,,,,,0.33333333333333304,,,,,,,,,,,
1964-07-01,,,,,,,,3.566666666666666,,,,,,,,,,,
1964-08-01,,,,,,,,6.8,,,,,,,,,,,
1964-09-01,,,,,,,,5.866666666666666,,,,,,,,,,,
1964-10-01,,,,,,,,4.933333333333334,,,,,,,,,,,
1964-11-01,,,,,,,,4.0,,,,,,,,,,,
1964-12-01,,,,,,,,3.1,,,,,,,,,,,
1965-01-01,,,,,,,,2.2,,,,,,,,,,,
1965-02-01,,,,,,,,1.3,,,,,,,,,,,
1965-03-01,,,,,,,,0.9333333333333333,,,,,,,,,,,
1965-04-01,,,,,,,,0.5666666666666667,,,,,,,,,,,
1965-05-01,,,,,,,,0.2,,,,,,,,,,,
1965-06-01,,,,,,,,-0.1333333333333333,,,,,,,,,,,
1965-07-01,,,,,,,,-0.4666666666666666,,,,,,,,,,,
1965-08-01,,,,,,,,-0.8,,,,,,,,,,,
1965-09-01,,,,,,,,0.23333333333333317,,,,,,,,,,,
1965-10-01,,,,,,,,1.2666666666666664,,,,,,,,,,,
1965-11-01,,,,,,,,2.3,,,,,,,,,,,
1965-12-01,,,,,,,,3.5666666666666664,,,,,,,,,,,
1966-01-01,,,,,,,,4.833333333333333,,,,,,,,,,,
1966-02-01,,,,,,,,6.1,,,,,,,,,,,
1966-03-01,,,,,,,,6.133333333333333,,,,,,,,,,,
1966-04-01,,,,,,,,6.166666666666667,,,,,,,,,,,
1966-05-01,,,,,,,,6.2,,,,,,,,,,,
1966-06-01,,,,,,,,3.566666666666667,,,,,,,,,,,
1966-07-01,,,,,,,,0.9333333333333336,,,,,,,,,,,
1966-08-01,,,,,,,,-1.7,,,,,,,,,,,
1966-09-01,,,,,,,,-0.7,,,,,,,,,,,
1966-10-01,,,,,,,,0.30000000000000004,,,,,,,,,,,
1966-11-01,,,,,,,,1.3,,,,,,,,,,,
1966-12-01,,,,,,,,2.0,,,,,,,,,,,
1967-01-01,,,,,,,,2.6999999999999997,,,,,,,,,,,
1967-02-01,,,,,,,,3.4,,,,,,,,,,,
1967-03-01,,,,,,,,2.966666666666667,,,,,,,,,,,
1967-04-01,,,,,,,,2.533333333333333,,,,,,,,,,,
1967-05-01,,,,,,,,2.1,,,,,,,,,,,
1967-06-01,,,,,,,,2.7666666666666666,,,,,,,,,,,
1967-07-01,,,,,,,,3.433333333333333,,,,,,,,,,,
1967-08-01,,,,,,,,4.1,,,,,,,,,,,
1967-09-01,,,,,,,,2.966666666666667,,,,,,,,,,,
1967-10-01,,,,,,,,1.8333333333333335,,,,,,,,,,,
1967-11-01,,,,,,,,0.7,,,,,,,,,,,
1967-12-01,,,,,,,,2.6,,,,,,,,,,,
1968-01-01,,,,,,,,4.5,,,,,,,,,,,
1968-02-01,,,,,,,,6.4,,,,,,,,,,,
1968-03-01,,,,,,,,4.766666666666667,,,,,,,,,,,
1968-04-01,,,,,,,,3.1333333333333333,,,,,,,,,,,
1968-05-01,,,,,,,,1.5,,,,,,,,,,,
1968-06-01,,,,,,,,2.7,,,,,,,,,,,
1968-07-01,,,,,,,,3.9,,,,,,,,,,,
1968-08-01,,,,,,,,5.1,,,,,,,,,,,
1968-09-01,,,,,,,,2.833333333333333,,,,,,,,,,,
1968-10-01,,,,,,,,0.5666666666666664,,,,,,,,,,,
1968-11-01,,,,,,,,-1.7,,,,,,,,,,,
1968-12-01,,,,,,,,0.5666666666666667,,,,,,,,,,,
1969-01-01,,,,,,,,2.833333333333333,,,,,,,,,,,
1969-02-01,,,,,,,,5.1,,,,,,,,,,,
1969-03-01,,,,,,,,4.566666666666666,,,,,,,,,,,
1969-04-01,,,,,,,,4.033333333333333,,,,,,,,,,,
1969-05-01,,,,,,,,3.5,,,,,,,,,,,
1969-06-01,,,,,,,,5.033333333333333,,,,,,,,,,,
1969-07-01,,,,,,,,6.566666666666666,,,,,,,,,,,
1969-08-01,,,,,,,,8.1,,,,,,,,,,,
1969-09-01,,,,,,,,6.066666666666666,,,,,,,,,,,
1969-10-01,,,,,,,,4.033333333333333,,,,,,,,,,,
1969-11-01,,,,,,,,2.0,,,,,,,,,,,
1969-12-01,,,,,,,,0.7666666666666666,,,,,,,,,,,
1970-01-01,,,,,,,,-0.4666666666666668,,,,,,,,,,,
1970-02-01,,,,,,,,-1.7,,,,,,,,,,,
1970-03-01,,,,,,,,0.20000000000000018,,,,,,,,,,,
1970-04-01,,,,,,,,2.1000000000000005,,,,,,,,,,,
1970-05-01,,,,,,,,4.0,,,,,,,,,,,
1970-06-01,,,,,,,,2.8666666666666667,,,,,,,,,,,
1970-07-01,,,,,,,,1.7333333333333334,,,,,,,,,,,
1970-08-01,,,,,,,,0.6,,,,,,,,,,,
1970-09-01,,,,,,,,2.966666666666667,,,,,,,,,,,
1970-10-01,,,,,,,,5.333333333333333,,,,,,,,,,,
1970-11-01,,,,,,,,7.7,,,,,,,,,,,
1970-12-01,,,,,,,,5.333333333333334,,,,,,,,,,,
1971-01-01,,,,,,,,2.966666666666667,,593845.0,3410.0,15597.0,12476.0,562362.0,,,,,
1971-02-01,,,,,,,,0.6,,566473.0,3410.0,15597.0,12476.0,534990.0,,,,,
1971-03-01,,,,,,,,1.5,,570047.0,3410.0,17597.0,12476.0,536564.0,,,,,
1971-04-01,,,,,,,,2.4,,570295.0,3410.0,17597.0,12476.0,536812.0,,,,,
1971-05-01,,,,,,,,3.3,,573831.0,3410.0,17628.0,12476.0,540317.0,,,,,
1971-06-01,,,,,,,,2.2666666666666666,,581458.0,3410.0,17628.0,12476.0,547944.0,,,,,
1971-07-01,,,,,,,,1.2333333333333334,,578871.0,3410.0,17628.0,12476.0,545357.0,,,,,
1971-08-01,,,,,,,,0.2,,575308.0,3410.0,17628.0,12476.0,541794.0,,,,,
1971-09-01,,,,,,,,0.4,,572022.0,3438.0,17628.0,12476.0,538480.0,,,,,
1971-10-01,,,,,,,,0.6000000000000001,,565585.0,3459.0,17627.0,12500.0,531999.0,,,,,
1971-11-01,,,,,,,,0.8,,571818.0,3459.0,17627.0,12500.0,538232.0,,,,,
1971-12-01,,,,,,,,1.0,,568087.0,3459.0,17627.0,12500.0,534501.0,,,,,
1972-01-01,,,,,,,,1.2,,578587.0,3561.0,26032.0,12500.0,536494.0,,,,,
1972-02-01,,,,,,,,1.4,,566273.0,3668.0,26032.0,12500.0,524073.0,,,,,
1972-03-01,,,,,,,,1.9333333333333331,,579251.0,3674.0,26032.0,12500.0,537045.0,,,,,
1972-04-01,,,,,,,,2.466666666666667,,564532.0,3676.0,26032.0,12500.0,522324.0,,,,,
1972-05-01,,,,,,,,3.0,,578280.0,3991.0,26087.0,12500.0,535702.0,,,,,
1972-06-01,,,,,,,,2.533333333333333,,610703.0,3991.0,28323.0,13571.0,564818.0,,,,,
1972-07-01,,,,,,,,2.066666666666667,,618216.0,3999.0,28323.0,13571.0,572323.0,,,,,
1972-08-01,,,,,,,,1.6,,661262.0,3999.0,28323.0,13571.0,615369.0,,,,,
1972-09-01,,,,,,,,2.5,,685694.0,4037.0,28323.0,13571.0,639763.0,,,,,
1972-10-01,,,,,,,,3.4,,709931.0,4038.0,28323.0,13571.0,663999.0,,,,,
1972-11-01,,,,,,,,4.3,,712297.0,4039.0,28323.0,13571.0,666364.0,,,,,
1972-12-01,,,,,,,,3.9666666666666663,,739745.0,4050.0,28323.0,13571.0,693801.0,,,,,
1973-01-01,,,,,,,,3.6333333333333333,,745039.0,4140.0,28323.0,13571.0,699005.0,,,,,
1973-02-01,,,,,,,,3.3,,737658.0,4140.0,28323.0,13571.0,691624.0,,,,,
1973-03-01,,,,,,,,3.6,,758310.0,4140.0,28323.0,13571.0,712276.0,,,,,
1973-04-01,,,,,,,,3.9,,814456.0,4140.0,28283.0,13571.0,768462.0,,,,,
1973-05-01,,,,,,,,4.2,,863061.0,4172.0,31493.0,13571.0,813825.0,,,,,
1973-06-01,,,,,,,,4.5,,899786.0,4172.0,31493.0,13571.0,850550.0,,,,,
1973-07-01,,,,,,,,4.8,,916498.0,4172.0,31493.0,13571.0,867262.0,,,,,
1973-08-01,,,,,,,,5.1,,934678.0,4172.0,31493.0,13571.0,885442.0,,,,,
1973-09-01,,,,,,,,3.8666666666666663,,1032234.0,4172.0,31493.0,13571.0,982998.0,,,,,
1973-10-01,,,,,,,,2.6333333333333333,,1046302.0,4636.0,31493.0,15079.0,995094.0,,,,,
1973-11-01,,,,,,,,1.4,,1054983.0,4636.0,31492.0,24120.0,994735.0,,,,,
1973-12-01,,,,,,,,2.3333333333333335,,1094407.0,4636.0,31492.0,24120.0,1034159.0,,,,,
1974-01-01,,,,,,,,3.2666666666666666,,1075107.0,4636.0,31492.0,24120.0,1014859.0,,,,,
1974-02-01,,,,,,,,4.2,,1050733.0,4637.0,31492.0,24120.0,990484.0,,,,,
1974-03-01,,,,,,,,2.7,,1031061.0,4638.0,31492.0,24120.0,970811.0,,,,,
1974-04-01,,,,,,,,1.2000000000000002,,1056600.0,4638.0,31492.0,24120.0,996350.0,,,,,
1974-05-01,,,,,,,,-0.3,,1055432.0,4638.0,31559.0,24120.0,995115.0,,,,,
1974-06-01,,,,,,,,0.3333333333333334,,1044816.0,4638.0,31521.0,24120.0,984537.0,,,,,
1974-07-01,,,,,,,,0.9666666666666668,,1045101.0,4638.0,31521.0,24120.0,984822.0,,,,,
1974-08-01,,,,,,,,1.6,,1013476.0,4653.0,31521.0,0.0,977302.0,,,,,
1974-09-01,,,,,,,,0.9666666666666667,,1015854.0,4653.0,31395.0,0.0,979806.0,,,,,
1974-10-01,,,,,,,,0.33333333333333326,,1015933.0,4653.0,31395.0,0.0,979885.0,,,,,
1974-11-01,,,,,,,,-0.3,,1010261.0,4653.0,30919.0,0.0,974689.0,,,,,
1974-12-01,,,,,,,,0.26666666666666666,,1055650.0,4653.0,1652.0,0.0,1049345.0,,,,,
1975-01-01,,,,,,,,0.8333333333333333,,943752.0,4653.0,1607.0,0.0,937492.0,,,,,
1975-02-01,,,,,,,,1.4,,922579.0,4653.0,4141.0,0.0,913785.0,,,,,
1975-03-01,,,,,,,,2.5,,886979.0,4653.0,2599.0,0.0,879727.0,,,,,
1975-04-01,,,,,,,,3.6,,963587.0,4653.0,2641.0,8.0,956285.0,,,,,
1975-05-01,,,,,,,,4.7,,981936.0,4656.0,3564.0,7.0,973709.0,,,,,
1975-06-01,,,,,,,,4.1,,1097315.0,4656.0,3140.0,7.0,1089512.0,,,,,
1975-07-01,,,,,,,,3.5,,1138693.0,4656.0,2789.0,7.0,1131241.0,,,,,
1975-08-01,,,,,,,,2.9,,1235076.0,4656.0,3600.0,7.0,1226813.0,,,,,
1975-09-01,,,,,,,,2.966666666666667,,1271224.0,4656.0,3468.0,7.0,1263093.0,,,,,
1975-10-01,,,,,,,,3.033333333333333,,1368425.0,4656.0,3384.0,7.0,1360378.0,,,,,
1975-11-01,,,,,,,,3.1,,1449592.0,4656.0,3973.0,7.0,1440956.0,,,,,
1975-12-01,,,,,,,,3.033333333333333,,1550180.0,4702.0,3923.0,0.0,1541555.0,,,,,
1976-01-01,,,,,,,,2.966666666666667,,1527109.0,4702.0,3925.0,7.0,1518475.0,,,,,
1976-02-01,,,,,,,,2.9,,1559548.0,4702.0,9259.0,7.0,1545580.0,,,,,
1976-03-01,,,,,,,,3.533333333333333,,1702601.0,4702.0,4512.0,7.0,1693380.0,,,,,
1976-04-01,,,,,,,,4.166666666666666,,1772670.0,4702.0,4464.0,7.0,1763497.0,,,,,
1976-05-01,,,,,,,,4.8,,1911085.0,4703.0,9244.0,7.0,1897131.0,,,,,
1976-06-01,,,,,,,,3.833333333333333,,2044260.0,4707.0,4235.0,7.0,2035311.0,,,,,
1976-07-01,,,,,,,,2.8666666666666663,,2128377.0,4707.0,4247.0,7.0,2119416.0,,,,,
1976-08-01,,,,,,,,1.9,,2263667.0,4707.0,5229.0,7.0,2253724.0,,,,,
1976-09-01,,,,,,,,1.6333333333333333,,2374307.0,4707.0,5246.0,7.0,2364347.0,,,,,
1976-10-01,,,,,,,,1.3666666666666667,,2586533.0,4713.0,4897.0,0.0,2576923.0,,,,,
1976-11-01,,,,,,,,1.1,,2601549.0,4729.0,14040.0,0.0,2582780.0,,,,,
1976-12-01,,,,,,,,1.0666666666666667,,2960635.0,4730.0,7827.0,0.0,2948078.0,,,,,
1977-01-01,,,,,,,,1.0333333333333334,,2883158.0,5426.0,7908.0,0.0,2869824.0,,,,,
1977-02-01,,,,,,,,1.0,,2872256.0,5429.0,14461.0,0.0,2852366.0,,,,,
1977-03-01,,,,,,,,2.3666666666666663,,3212462.0,5430.0,8503.0,0.0,3198529.0,,,,,
1977-04-01,,,,,,,,3.733333333333333,,3247709.0,5430.0,8526.0,0.0,3233753.0,,,,,
1977-05-01,,,,,,,,5.1,,3519575.0,5430.0,8614.0,0.0,3505531.0,,,,,
1977-06-01,,,,,,,,5.3999999999999995,,3502502.0,5437.0,8284.0,0.0,3488781.0,,,,,
1977-07-01,,,,,,,,5.7,,3656324.0,5438.0,8314.0,0.0,3642572.0,,,,,
1977-08-01,,,,,,,,6.0,,3765626.0,5443.0,8868.0,0.0,3751315.0,,,,,
1977-09-01,,,,,,,,5.266666666666667,,4039912.0,5444.0,8796.0,0.0,4025672.0,,,,,
1977-10-01,,,,,,,,4.533333333333333,,4246161.0,5444.0,9972.0,0.0,4230745.0,,,,,
1977-11-01,,,,,,,,3.8,,4143670.0,5453.0,10668.0,0.0,4127549.0,,,,,
1977-12-01,,,,,,,,2.2666666666666666,,4306365.0,6183.0,11882.0,0.0,4288300.0,,,,,
1978-01-01,,,,,,,,0.7333333333333334,,4418320.0,6187.0,12216.0,0.0,4399917.0,,,,,
1978-02-01,,,,,,,,-0.8,,4376149.0,6187.0,12201.0,0.0,4357761.0,,,,,
1978-03-01,,,,,,,,0.5,,4269134.0,6203.0,12317.0,0.0,4250614.0,,,,,
1978-04-01,,,,,,,,1.8,,4138188.0,6210.0,12417.0,13494.0,4106067.0,,,,,
1978-05-01,,,,,,,,3.1,,4101489.0,6210.0,14150.0,13426.0,4067703.0,,,,,
1978-06-01,,,,,,,,2.7,,4198501.0,6210.0,13457.0,13642.0,4165192.0,,,,,
1978-07-01,,,,,,,,2.3,,4297283.0,6261.0,16773.0,13866.0,4260383.0,,,,,
1978-08-01,,,,,,,,1.9,,4353459.0,6261.0,13851.0,13987.0,4319360.0,,,,,
1978-09-01,,,,,,,,2.8666666666666667,,4544362.0,20843.0,20325.0,14100.0,4489094.0,,,,,
1978-10-01,,,,,,,,3.833333333333333,,4334440.0,20843.0,20489.0,14845.0,4278263.0,,,,,
1978-11-01,,,,,,,,4.8,,4418117.0,25008.0,15376.0,14004.0,4363729.0,,,,,
1978-12-01,,,,,,,,4.7,,4937100.0,29706.0,14505.0,13558.0,4879331.0,,,,,
1979-01-01,,,,,,,,4.6,,4696102.0,29706.0,44347.0,13378.0,4608671.0,,,,,
1979-02-01,,,,,,,,4.5,,4621022.0,29717.0,38764.0,13416.0,4539125.0,,,,,
1979-03-01,,,,,,,,3.2666666666666666,,4743378.0,29744.0,42821.0,13392.0,4657421.0,,,,,
1979-04-01,,,,,,,,2.033333333333333,,4658732.0,29744.0,42743.0,13245.0,4573000.0,,,,,
1979-05-01,,,,,,,,0.8,,4936688.0,29745.0,41285.0,13206.0,4852452.0,,,,,
1979-06-01,,,,,,,,-0.3999999999999999,,5058165.0,29764.0,29219.0,25049.0,4974133.0,,,,,
1979-07-01,,,,,,,,-1.5999999999999999,,5015179.0,29764.0,29729.0,25231.0,4930455.0,,,,,
1979-08-01,,,,,,,,-2.8,,5168828.0,29765.0,27142.0,25227.0,5086694.0,,,,,
1979-09-01,,,,,,,,-2.3666666666666667,,5394460.0,29806.0,27109.0,25566.0,5311979.0,,,,,
1979-10-01,,,,,,,,-1.9333333333333331,,5549437.0,29806.0,27502.0,24945.0,5467184.0,,,,,
1979-11-01,,,,,,,,-1.5,,5531978.0,29848.0,24289.0,25379.0,5452462.0,,,,,
1979-12-01,,,,,,,,-0.7000000000000001,,5708139.0,30611.0,24710.0,24768.0,5628050.0,,,,,
1980-01-01,,,,,,,,0.09999999999999987,,5328400.0,30626.0,46806.0,24739.0,5226229.0,,,,,
1980-02-01,,,,,,,,0.9,,5367391.0,30626.0,44150.0,24513.0,5268102.0,,,,,
1980-03-01,,,,,,,,0.4333333333333334,,5577446.0,30633.0,41573.0,0.0,5505240.0,,,,,
1980-04-01,,,,,,,,-0.033333333333333215,,5415459.0,30638.0,39881.0,0.0,5344940.0,,,,,
1980-05-01,,,,,,,,-0.5,,5557815.0,30638.0,38531.0,0.0,5488646.0,,,,,
1980-06-01,,,,,,,,0.29999999999999993,,5419394.0,30638.0,32444.0,0.0,5356312.0,,,,,
1980-07-01,,,,,,,,1.0999999999999999,,6051728.0,30715.0,29085.0,0.0,5991928.0,,,,,
1980-08-01,,,,,,,,1.9,,6066995.0,30716.0,30662.0,0.0,6005617.0,,,,,
1980-09-01,,,,,,,,0.3333333333333335,,6613502.0,30665.0,26053.0,0.0,6556784.0,,,,,
1980-10-01,,,,,,,,-1.233333333333333,,6406047.0,30751.0,25262.0,0.0,6350034.0,,,,,
1980-11-01,,,,,,,,-2.8,,6604161.0,30751.0,48226.0,0.0,6525184.0,,,,,
1980-12-01,,,,,,,,-0.5,,6571437.0,30751.0,12570.0,0.0,6528116.0,,,,,
1981-01-01,,,,,,,,1.7999999999999998,,6031373.0,30751.0,25371.0,0.0,5975251.0,,,,,
1981-02-01,,,,,,,,4.1,,6206620.0,30751.0,26364.0,0.0,6149505.0,,,,,
1981-03-01,,,,,,,,3.533333333333333,,6032791.0,30751.0,21563.0,0.0,5980477.0,,,,,
1981-04-01,,,,,,,,2.966666666666667,,6086455.0,30751.0,20888.0,0.0,6034816.0,,,,,
1981-05-01,,,,,,,,2.4,,5658360.0,30751.0,53165.0,0.0,5574444.0,,,,,
1981-06-01,,,,,,,,3.0,,6206684.0,30751.0,43307.0,0.0,6132626.0,,,,,
1981-07-01,,,,,,,,3.6,,5614935.0,30751.0,21929.0,0.0,5562255.0,,,,,
1981-08-01,,,,,,,,4.2,,5718369.0,30779.0,35407.0,0.0,5652183.0,,,,,
1981-09-01,,,,,,,,3.3333333333333335,,5726227.0,30863.0,27660.0,0.0,5667704.0,,,,,
1981-10-01,,,,,,,,2.466666666666667,,5949646.0,30920.0,23059.0,0.0,5895667.0,,,,,
1981-11-01,,,,,,,,1.6,,6392465.0,30920.0,66351.0,0.0,6295194.0,,,,,
1981-12-01,,,,,,,,1.3,,6891036.0,32179.0,63906.0,0.0,6794951.0,,,,,
1982-01-01,,,,,,,,1.0,,6315146.0,30920.0,38993.0,0.0,6245233.0,,,,,
1982-02-01,,,,,,,,0.7,,6240958.0,30920.0,27102.0,0.0,6182936.0,,,,,
1982-03-01,,,,,,,,1.2333333333333334,,6297560.0,30928.0,22706.0,0.0,6243926.0,,,,,
1982-04-01,,,,,,,,1.7666666666666666,,6468546.0,30929.0,46193.0,0.0,6391424.0,,,,,
1982-05-01,,,,,,,,2.3,,6504731.0,30929.0,34501.0,0.0,6439301.0,,,,,
1982-06-01,,,,,,,,2.2333333333333334,,6349468.0,30929.0,67834.0,0.0,6250705.0,,,,,
1982-07-01,,,,,,,,2.1666666666666665,,6105181.0,30937.0,13705.0,0.0,6060539.0,,,,,
1982-08-01,,,,,,,,2.1,,6072103.0,30937.0,1124.0,0.0,6040042.0,,,,,
1982-09-01,,,,,,,,2.4333333333333336,,6146312.0,30937.0,35272.0,0.0,6080103.0,,,,,
1982-10-01,,,,,,,,2.7666666666666666,,6324163.0,30937.0,34922.0,0.0,6258304.0,,,,,
1982-11-01,,,,,,,,3.1,,6452003.0,30937.0,22541.0,0.0,6398525.0,,,,,
1982-12-01,,,,,,,,3.5333333333333337,,6983715.0,30943.0,62349.0,0.0,6890423.0,,,,,
1983-01-01,,,,,,,,3.966666666666667,,6432604.0,30943.0,22339.0,0.0,6379322.0,,,,,
1983-02-01,,,,,,,,4.4,,6030673.0,30943.0,12442.0,0.0,5987288.0,,,,,
1983-03-01,,,,,,,,3.966666666666667,,6000833.0,30954.0,8708.0,0.0,5961171.0,,,,,
1983-04-01,,,,,,,,3.5333333333333337,,5920948.0,30954.0,24798.0,0.0,5865196.0,,,,,
1983-05-01,,,,,,,,3.1,,6297781.0,30954.0,15733.0,0.0,6251094.0,,,,,
1983-06-01,,,,,,,,3.3000000000000003,,6017332.0,30964.0,42859.0,0.0,5943509.0,,,,,
1983-07-01,,,,,,,,3.5,,6396278.0,30964.0,17485.0,0.0,6347829.0,,,,,
1983-08-01,,,,,,,,3.7,,6226616.0,30964.0,8081.0,0.0,6187571.0,,,,,
1983-09-01,,,,,,,,2.7,,6312895.0,30964.0,5054.0,0.0,6276877.0,,,,,
1983-10-01,,,,,,,,1.7000000000000002,,6131166.0,30983.0,15707.0,0.0,6084476.0,,,,,
1983-11-01,,,,,,,,0.7,,6496750.0,30983.0,6733.0,0.0,6459034.0,,,,,
1983-12-01,,,,,,,,1.9333333333333333,,6909661.0,30989.0,63869.0,54147.0,6760656.0,,,,,
1984-01-01,,,,,,,,3.166666666666667,,6303751.0,30989.0,19391.0,53488.0,6199883.0,,,,,
1984-02-01,,,,,,,,4.4,,6388056.0,31001.0,5204.0,0.0,6351851.0,,,,,
1984-03-01,,,,,,,,3.766666666666667,,6329416.0,31001.0,5329.0,0.0,6293086.0,,,,,
1984-04-01,,,,,,,,3.1333333333333337,,6308968.0,31001.0,15991.0,0.0,6261976.0,,,,,
1984-05-01,,,,,,,,2.5,,6408533.0,31018.0,10205.0,0.0,6367310.0,,,,,
1984-06-01,,,,,,,,2.1333333333333333,,6742226.0,31045.0,53511.0,0.0,6657670.0,,,,,
1984-07-01,,,,,,,,1.7666666666666666,,6470028.0,31045.0,16875.0,0.0,6422108.0,,,,,
1984-08-01,,,,,,,,1.4,,6841546.0,31065.0,3863.0,0.0,6806618.0,,,,,
1984-09-01,,,,,,,,1.0999999999999999,,6911641.0,31085.0,3795.0,0.0,6876761.0,,,,,
1984-10-01,,,,,,,,0.7999999999999999,,6845362.0,31085.0,18679.0,0.0,6795598.0,,,,,
1984-11-01,,,,,,,,0.5,,7128107.0,31085.0,7169.0,0.0,7089853.0,,,,,
1984-12-01,,,,,,,,1.2666666666666666,,7649584.0,31195.0,30531.0,0.0,7587858.0,,,,,
1985-01-01,,,,,,,,2.033333333333333,,6759989.0,31195.0,43248.0,0.0,6685546.0,,,,,
1985-02-01,,,,,,,,2.8,,6882565.0,31215.0,7650.0,0.0,6843700.0,,,,,
1985-03-01,,,,,,,,2.6666666666666665,,6698333.0,31236.0,7902.0,0.0,6659195.0,,,,,
1985-04-01,,,,,,,,2.533333333333333,,6643324.0,31236.0,10565.0,0.0,6601523.0,,,,,
1985-05-01,,,,,,,,2.4,,6581131.0,31254.0,8169.0,0.0,6541708.0,,,,,
1985-06-01,,,,,,,,1.9666666666666666,,6652155.0,31279.0,8185.0,0.0,6612691.0,,,,,
1985-07-01,,,,,,,,1.5333333333333332,,6692637.0,31279.0,14611.0,0.0,6646747.0,,,,,
1985-08-01,,,,,,,,1.1,,6812279.0,31300.0,20485.0,0.0,6760494.0,,,,,
1985-09-01,,,,,,,,1.7333333333333334,,7174784.0,31300.0,16855.0,0.0,7126629.0,,,,,
1985-10-01,,,,,,,,2.3666666666666667,,7569808.0,31300.0,2838.0,0.0,7535670.0,,,,,
1985-11-01,,,,,,,,3.0,,7723518.0,31352.0,7368.0,0.0,7684798.0,,,,,
1985-12-01,,,,,,,,2.6333333333333333,,7748625.0,31352.0,40164.0,0.0,7677109.0,,,,,
1986-01-01,,,,,,,,2.2666666666666666,,7064164.0,31352.0,38521.0,0.0,6994291.0,,,,,
1986-02-01,,,,,,,,1.9,,7234719.0,31352.0,11407.0,0.0,7191960.0,,,,,
1986-03-01,,,,,,,,2.5666666666666664,,7360210.0,31415.0,6329.0,676.0,7321790.0,,,,,
1986-04-01,,,,,,,,3.2333333333333334,,7405851.0,31415.0,14492.0,794.0,7359150.0,,,,,
1986-05-01,,,,,,,,3.9,,7350525.0,31430.0,9344.0,794.0,7308957.0,,,,,
1986-06-01,,,,,,,,4.033333333333333,,7573963.0,31443.0,56194.0,794.0,7485532.0,,,,,
1986-07-01,,,,,,,,4.166666666666666,,8172521.0,31443.0,43598.0,794.0,8096686.0,,,,,
1986-08-01,,,,,,,,4.3,,8069479.0,31455.0,15751.0,794.0,8021479.0,,,,,
1986-09-01,,,,,,,,3.4,,8146111.0,31471.0,11122.0,794.0,8102724.0,,,,,
1986-10-01,,,,,,,,2.5,,8034340.0,31471.0,19134.0,794.0,7982941.0,,,,,
1986-11-01,,,,,,,,1.6,,8059912.0,31499.0,17701.0,794.0,8009918.0,,,,,
1986-12-01,,,,,,,,2.1333333333333333,,7955240.0,31511.0,17846.0,825.0,7905058.0,,,,,
1987-01-01,,,,,,,,2.666666666666667,,8343882.0,31511.0,11041.0,857.0,8300473.0,,,,,
1987-02-01,,,,,,,,3.2,,8404614.0,31515.0,12166.0,854.0,8360079.0,,,,,
1987-03-01,,,,,,,,3.8000000000000003,,7885723.0,31523.0,7406.0,869.0,7845925.0,,,,,
1987-04-01,,,,,,,,4.4,,7965536.0,31532.0,20488.0,879.0,7912637.0,,,,,
1987-05-01,,,,,,,,5.0,,8014394.0,31548.0,40019.0,870.0,7941957.0,,,,,
1987-06-01,,,,,,,,3.666666666666667,,8100397.0,31548.0,39767.0,864.0,8028218.0,,,,,
1987-07-01,,,,,,,,2.3333333333333335,,8249843.0,31548.0,21808.0,855.0,8195632.0,,,,,
1987-08-01,,,,,,,,1.0,,8131748.0,31549.0,17985.0,870.0,8081344.0,,,,,
1987-09-01,,,,,,,,1.3333333333333333,,8511314.0,31598.0,14065.0,864.0,8464787.0,,,,,
1987-10-01,,,,,,,,1.6666666666666665,,8525003.0,31598.0,14530.0,893.0,8477982.0,,,,,
1987-11-01,,,,,,,,2.0,,9479688.0,31598.0,12969.0,920.0,9434201.0,,,,,
1987-12-01,,,,,,,,3.9000000000000004,,9192886.0,31644.0,16268.0,951.0,9144023.0,,,,,
1988-01-01,,,,,,,,5.800000000000001,,4701747.0,31644.0,30045.0,923.0,4639135.0,,,,,
1988-02-01,,,,,,,,7.7,,5675415.0,31644.0,20476.0,920.0,5622375.0,,,,,
1988-03-01,,,,,,,,4.4,,6995788.0,31644.0,20833.0,933.0,6942378.0,,,,,
1988-04-01,,,,,,,,1.0999999999999996,,7675521.0,31644.0,20880.0,934.0,7622063.0,,,,,
1988-05-01,,,,,,,,-2.2,,8264637.0,31644.0,13376.0,934.0,8218683.0,,,,,
1988-06-01,,,,,,,,-0.43333333333333335,,9015283.0,31644.0,12832.0,888.0,8969919.0,,,,,
1988-07-01,,,,,,,,1.3333333333333335,,9592419.0,31644.0,13163.0,876.0,9546736.0,,,,,
1988-08-01,,,,,,,,3.1,,10715969.0,31644.0,5379.0,874.0,10678072.0,,,,,
1988-09-01,,,,,,,,3.1666666666666665,,11758452.0,31644.0,5416.0,872.0,11720520.0,,,,,
1988-10-01,,,,,,,,3.2333333333333334,,12689279.0,31644.0,12302.0,904.0,12644429.0,,,,,
1988-11-01,,,,,,,,3.3,,13774303.0,31644.0,5770.0,924.0,13735965.0,,,,,
1988-12-01,,,,,,,,2.2,,12378262.0,31644.0,5678.0,924.0,12340016.0,,,,,
1989-01-01,,,,,,,,1.1,,13404526.0,31644.0,5522.0,884.0,13366476.0,,,,,
1989-02-01,,,,,,,,0.0,,13494113.0,31644.0,2861.0,898.0,13458710.0,,,,,
1989-03-01,,,,,,,,0.5,,14122179.0,31644.0,2787.0,875.0,14086873.0,,,,,
1989-04-01,,,,,,,,1.0,,14913803.0,31644.0,2791.0,876.0,14878492.0,,,,,
1989-05-01,,,,,,,,1.5,,15728134.0,31644.0,950.0,836.0,15694704.0,,,,,
1989-06-01,,,,,,,,1.8666666666666667,,15803329.0,31644.0,958.0,131956.0,15638771.0,,,,,
1989-07-01,,,,,,,,2.2333333333333334,,17071478.0,31644.0,2265.0,135420.0,16902149.0,,,,,
1989-08-01,,,,,,,,2.6,,16657496.0,31644.0,1439.0,132650.0,16491763.0,,,,,
1989-09-01,,,,,,,,3.1,,17076873.0,31644.0,1468.0,130968.0,16912793.0,,,,,
1989-10-01,,,,,,,,3.5999999999999996,,17425211.0,31644.0,1467.0,130841.0,17261259.0,,,,,
1989-11-01,,,,,,,,4.1,,17397401.0,31644.0,1515.0,228436.0,17135806.0,,,,,
1989-12-01,,,,,,,,3.0666666666666664,,15245248.0,31646.0,1601.0,234169.0,14977832.0,,,,,
1990-01-01,,,,,,,,2.033333333333333,2.6,13952833.0,31646.0,1617.0,265699.0,13653871.0,,,,,
1990-02-01,,,,,,,,1.0,2.5,13743647.0,31646.0,3992.0,274241.0,13433768.0,,,,,
1990-03-01,,,,,,,,1.4000000000000001,2.2,13892850.0,31646.0,3942.0,270547.0,13586715.0,,,,,
1990-04-01,,,,,,,,1.8000000000000003,2.2,14448440.0,31646.0,3946.0,259734.0,14153114.0,,,,,
1990-05-01,,,,,,,,2.2,2.4,14868747.0,31644.0,6960.0,285709.0,14544434.0,,,,,
1990-06-01,,,,,,,,2.5333333333333337,2.3,14673745.0,31646.0,6970.0,292730.0,14342399.0,,,,,
1990-07-01,,,,,,,,2.8666666666666667,2.5,15628023.0,31644.0,7145.0,300113.0,15289121.0,,,,,
1990-08-01,,,,,,,,3.2,2.5,15844517.0,31644.0,10682.0,291811.0,15510380.0,,,,,
1990-09-01,,,,,,,,2.8000000000000003,2.6,15919419.0,31644.0,10749.0,308976.0,15568050.0,,,,,
1990-10-01,,,,,,,,2.4,2.6,16153859.0,31644.0,11294.0,301127.0,15809794.0,,,,,
1990-11-01,,,,,,,,2.0,2.6,16150475.0,31644.0,14572.0,302815.0,15801444.0,,,,,
1990-12-01,,,,,,,,2.6,2.5,14822377.0,31644.0,14299.0,317287.0,14459147.0,,,,,
1991-01-01,,,,,,,,3.2,2.6,14023487.0,32307.0,29188.0,355249.0,13606743.0,,,,,
1991-02-01,,,,,,,,3.8,2.5,14137362.0,31644.0,17800.0,372348.0,13715570.0,,,,,
1991-03-01,,,,,,,,3.1,2.4,13013408.0,31644.0,16816.0,353184.0,12611764.0,,,,,
1991-04-01,,,,,,,,2.4000000000000004,2.3,13217007.0,32150.0,16638.0,330509.0,12837710.0,,,,,
1991-05-01,,,,,,,,1.7,2.3,13638790.0,32151.0,20835.0,351954.0,13233850.0,,,,,
1991-06-01,,,,,,,,1.8333333333333333,2.3,13417239.0,32151.0,20356.0,345030.0,13019702.0,,,,,
1991-07-01,,,,,,,,1.9666666666666668,2.5,13727448.0,32242.0,20663.0,336820.0,13337723.0,,,,,
1991-08-01,,,,,,,,2.1,2.3,13380248.0,32242.0,24399.0,349519.0,12974088.0,,,,,
1991-09-01,,,,,,,,2.2333333333333334,2.4,13887843.0,32242.0,24789.0,355147.0,13475665.0,,,,,
1991-10-01,,,,,,,,2.3666666666666667,2.5,13579702.0,32242.0,24929.0,343225.0,13179306.0,,,,,
1991-11-01,,,,,,,,2.5,2.5,13615867.0,32307.0,28953.0,357944.0,13196663.0,,,,,
1991-12-01,,,,,,,,2.2666666666666666,2.4,13733019.0,32307.0,29810.0,364894.0,13306008.0,,,,,
1992-01-01,,,,,,,,2.033333333333333,2.4,14023488.0,32307.0,29188.0,355249.0,13606744.0,,,,,
1992-02-01,,,,,,,,1.8,2.4,14512814.0,32307.0,32314.0,342979.0,14105214.0,,,,,
1992-03-01,,,,,,,,1.4333333333333333,2.4,14458310.0,32307.0,32064.0,340314.0,14053625.0,,,,,
1992-04-01,,,,,,,,1.0666666666666667,2.5,15061498.0,32459.0,32094.0,340681.0,14656264.0,,,,,
1992-05-01,,,,,,,,0.7,2.4,15328164.0,32458.0,36221.0,346846.0,14912639.0,,,,,
1992-06-01,,,,,,,,0.5,2.4,14557317.0,32458.0,37262.0,356790.0,14130807.0,,,,,
1992-07-01,,,,,,,,0.3,2.4,15232653.0,32458.0,37375.0,357883.0,14804937.0,,,,,
1992-08-01,,,,,,,,0.1,2.6,16010249.0,32570.0,41912.0,367377.0,15568390.0,,,,,
1992-09-01,,,,,,,,0.6,2.7,15421046.0,32570.0,41518.0,363928.0,14983030.0,,,,,
1992-10-01,,,,,,,,1.1,2.6,15703107.0,32570.0,39851.0,349304.0,15281382.0,,,,,
1992-11-01,,,,,,,,1.6,2.6,16806492.0,32647.0,42366.0,342800.0,16388679.0,,,,,
1992-12-01,,,,,,,,1.7333333333333334,2.6,17153925.0,32647.0,42082.0,439270.0,16639926.0,,,,,
1993-01-01,,,,,,,,1.8666666666666667,2.8,17852277.0,32647.0,42238.0,440885.0,17336507.0,,,,,
1993-02-01,,,,,,,,2.0,2.9,18077200.0,32647.0,46567.0,439079.0,17558907.0,,,,,
1993-03-01,,,,,,,,2.2,2.8,18672114.0,32647.0,46142.0,442656.0,18150669.0,,,,,
1993-04-01,,,,,,,,2.4,3.0,19200681.0,32647.0,47236.0,453147.0,18667651.0,,,,,
1993-05-01,,,,,,,,2.6,3.0,19157089.0,33104.0,50872.0,455789.0,18617324.0,,,,,
1993-06-01,,,,,,,,2.3333333333333335,3.0,18922383.0,33104.0,50011.0,475845.0,18363423.0,,,,,
1993-07-01,,,,,,,,2.066666666666667,3.0,18793759.0,33104.0,49854.0,464406.0,18246395.0,,,,,
1993-08-01,,,,,,,,1.8,2.9,18951140.0,33190.0,54043.0,469681.0,18394226.0,,,,,
1993-09-01,,,,,,,,1.8333333333333333,2.8,19698359.0,33190.0,56238.0,458021.0,19150910.0,,,,,
1993-10-01,,,,,,,,1.8666666666666667,3.0,19995250.0,33190.0,55427.0,451460.0,19455173.0,,,,,
1993-11-01,,,,,,,,1.9,2.8,21463286.0,33280.0,58480.0,461270.0,20910256.0,,,,,
1993-12-01,,,,,,,,2.2333333333333334,2.7,20262400.0,33300.0,58200.0,466700.0,19704200.0,,,,,
1994-01-01,,,,,,,,2.5666666666666664,2.7,20544420.0,33280.0,58455.0,477055.0,19975629.0,,,,,
1994-02-01,,,,,,,,2.9,2.7,20743546.0,33280.0,62218.0,468871.0,20179177.0,,,,,
1994-03-01,,,,,,,,2.466666666666667,2.7,20754982.0,33280.0,62842.0,480806.0,20178054.0,,,,,
1994-04-01,,,,,,,,2.033333333333333,2.7,21013831.0,33280.0,63363.0,517202.0,20399986.0,,,,,
1994-05-01,,,,,,,,1.6,2.5,21402776.0,33524.0,66521.0,498809.0,20803922.0,,,,,
1994-06-01,,,,,,,,1.6333333333333333,2.4,21718950.0,33524.0,68185.0,497005.0,21120236.0,,,,,
1994-07-01,,,,,,,,1.6666666666666667,2.4,21546067.0,33524.0,67842.0,494519.0,20950183.0,,,,,
1994-08-01,,,,,,,,1.7,2.4,22030400.0,33600.0,72000.0,496700.0,21428100.0,,,,,
1994-09-01,,,,,,,,2.4333333333333336,2.5,22376400.0,33600.0,72800.0,490600.0,21779400.0,,,,,
1994-10-01,,,,,,,,3.166666666666667,2.3,23717100.0,33600.0,74100.0,521400.0,23088000.0,,,,,
1994-11-01,,,,,,,,3.9,2.2,24023700.0,33600.0,76400.0,510500.0,23403200.0,,,,,
1994-12-01,,,,,,,,3.3,2.2,25672700.0,33600.0,76300.0,530800.0,25032000.0,,,,,
1995-01-01,,,,,,,,2.7,2.1,26280400.0,33600.0,77000.0,535400.0,25634400.0,,,,,
1995-02-01,,,,,,,,2.1,2.2,26400677.0,33816.0,82884.0,531644.0,25752333.0,,,,,
1995-03-01,,,,,,,,2.066666666666667,2.1,26567600.0,33800.0,86300.0,568800.0,25878700.0,,,,,
1995-04-01,,,,,,,,2.033333333333333,2.0,27294200.0,33800.0,87200.0,621400.0,26551800.0,,,,,
1995-05-01,,,,,,,,2.0,2.1,27817500.0,34000.0,90500.0,625000.0,27068000.0,,,,,
1995-06-01,,,,,,,,2.033333333333333,2.0,28381900.0,34000.0,91500.0,642800.0,27613600.0,,,,,
1995-07-01,,,,,,,,2.066666666666667,2.0,30950200.0,34000.0,91200.0,640200.0,30184800.0,,,,,
1995-08-01,,,,,,,,2.1,2.1,31173300.0,34000.0,92200.0,637700.0,30409400.0,,,,,
1995-09-01,,,,,,,,2.033333333333333,2.2,31189100.0,34000.0,93600.0,647400.0,30414100.0,,,,,
1995-10-01,,,,,,,,1.9666666666666666,2.2,32168400.0,34000.0,93100.0,662200.0,31379100.0,,,,,
1995-11-01,,,,,,,,1.9,2.0,33223800.0,34400.0,97800.0,657900.0,32433700.0,,,,,
1995-12-01,,,,,,,,1.9,1.9,32712100.0,34400.0,97700.0,651800.0,31928200.0,,,,,
1996-01-01,,12.52,53.289,787.27,41.482,10.46,11.94,1.9,1.9,33263979.0,34360.0,95600.0,637659.0,32496360.0,,,,,
1996-02-01,,12.5,53.499,780.28,41.565,10.71,12.01,1.9,1.9,35115029.0,34360.0,104770.0,677073.0,34298826.0,,,,,
1996-03-01,,12.46,53.862,781.25,41.689,10.33,11.92,1.9333333333333333,2.0,33451065.0,34360.0,103668.0,678703.0,32634334.0,,,,,
1996-04-01,,12.13,54.226,780.43,41.73,9.46,11.04,1.9666666666666666,2.0,35929963.0,34360.0,103341.0,676586.0,35115676.0,,,,,
1996-05-01,,12.09,54.538,780.16,41.73,11.41,11.01,2.0,2.0,36240501.0,34360.0,107755.0,673381.0,35425005.0,,,,,
1996-06-01,,12.17,54.538,797.96,41.689,12.38,11.51,1.9333333333333333,2.1,36561522.0,34360.0,107524.0,671938.0,35747700.0,,,,,
1996-07-01,,12.31,54.798,812.76,41.689,12.96,11.85,1.8666666666666667,2.0,35061985.0,34360.0,108865.0,680289.0,34238471.0,,,,,
1996-08-01,,12.17,55.057,816.81,41.73,15.41,12.27,1.8,2.1,33557025.0,34360.0,114166.0,687376.0,32721123.0,,,,,
1996-09-01,,12.22,55.162,821.76,41.896,13.9,12.19,1.7666666666666666,2.0,32837031.0,34360.0,113469.0,683229.0,32005973.0,,,,,
1996-10-01,,12.26,55.162,827.61,41.979,14.41,12.08,1.7333333333333334,2.1,32228776.0,34360.0,113101.0,688203.0,31393112.0,,,,,
1996-11-01,,12.18,55.162,828.18,42.021,14.38,12.12,1.7,2.2,32317492.0,35859.0,119251.0,686844.0,31475538.0,,,,,
1996-12-01,,12.05,55.369,839.02,42.062,12.51,12.19,1.3,2.3,33236696.0,35859.0,118180.0,680709.0,32401948.0,,,,,
1997-01-01,,12.04,55.786,849.88,42.518,11.39,12.17,0.9,2.4,30966254.0,35858.0,114813.0,661302.0,30154281.0,,,,,
1997-02-01,,12.07,56.097,866.85,42.891,11.49,12.1,0.5,2.6,29755967.0,35859.0,119739.0,636074.0,28964295.0,,,,,
1997-03-01,,12.03,56.305,879.41,43.057,12.95,12.32,1.5333333333333334,3.0,29145830.0,35859.0,119566.0,625356.0,28365049.0,,,,,
1997-04-01,,12.07,56.565,893.56,43.098,13.0,12.4,2.566666666666667,2.7,29830833.0,35859.0,117949.0,616928.0,29060097.0,,,,,
1997-05-01,,12.13,56.617,892.05,43.057,12.45,12.4,3.6,2.6,31900526.0,35859.0,126054.0,629583.0,31109030.0,,,,,
1997-06-01,,12.21,56.721,889.49,43.057,11.19,11.72,2.666666666666667,2.4,33316236.0,35859.0,126063.0,629653.0,32524661.0,,,,,
1997-07-01,,12.21,56.825,890.5,43.015,11.44,11.65,1.7333333333333336,2.4,33672625.0,35859.0,122657.0,612637.0,32901472.0,,,,,
1997-08-01,,12.3,57.24,895.9,43.057,12.45,11.65,0.8,2.4,31140457.0,35859.0,129313.0,605015.0,30370270.0,,,,,
1997-09-01,,12.42,57.502,909.53,43.181,13.25,11.65,0.3666666666666667,2.5,30425700.0,35859.0,129569.0,606225.0,29654047.0,,,,,
1997-10-01,,12.45,57.502,921.85,43.181,13.64,11.65,-0.06666666666666665,2.4,30509096.0,35859.0,131228.0,614001.0,29728008.0,,,,,
1997-11-01,,12.5,57.553,1025.58,43.098,14.09,12.4,-0.5,2.9,24404306.0,35859.0,135320.0,605138.0,23627989.0,,,,,
1997-12-01,,13.22,59.009,1484.08,42.891,21.58,14.96,-2.6,3.1,20405458.0,36938.0,58884.0,599289.0,19710347.0,,,,,
1998-01-01,,15.31,60.413,1706.8,42.559,25.63,15.0,-4.7,4.1,23515486.0,36938.0,103391.0,596981.0,22778176.0,,,,,
1998-02-01,,15.87,61.453,1623.06,42.021,23.53,15.0,-6.8,5.0,26715238.0,39702.0,5048.0,24.0,26670464.0,,,,,
1998-03-01,,16.24,61.349,1505.28,40.86,22.62,15.09,-4.8,5.8,29748952.0,65560.0,6778.0,44.0,29676570.0,,,,,
1998-04-01,,16.33,61.557,1391.97,39.7,21.23,17.13,-2.8,6.5,35544078.0,65462.0,6873.0,44.0,35471699.0,,,,,
1998-05-01,,16.5,61.245,1394.62,38.747,18.45,16.86,-0.8,7.1,38761164.0,65462.0,403489.0,62.0,38292151.0,,,,,
1998-06-01,,16.45,60.985,1397.18,38.167,16.25,15.04,0.033333333333333326,7.5,40900461.0,65462.0,70933.0,62.0,40764004.0,,,,,
1998-07-01,,15.74,60.985,1300.77,38.001,12.67,12.57,0.8666666666666667,8.2,43022134.0,65546.0,71130.0,62.0,42885396.0,,,,,
1998-08-01,,14.93,61.192,1303.22,38.042,9.53,11.72,1.7,8.0,45091301.0,65546.0,341488.0,70.0,44684197.0,,,,,
1998-09-01,,14.72,61.453,1370.8,37.876,8.43,11.84,1.9666666666666666,8.2,46977412.0,65546.0,7744.0,70.0,46904052.0,,,,,
1998-10-01,,14.01,61.66,1336.72,37.586,7.27,9.4,2.2333333333333334,8.1,48833908.0,65546.0,7927.0,71.0,48760364.0,,,,,
1998-11-01,,13.48,61.453,1294.13,37.462,7.24,8.34,2.5,7.9,50015238.0,66341.0,17543.0,78.0,49931276.0,,,,,
1998-12-01,,12.93,61.349,1213.65,37.586,6.96,7.23,2.6666666666666665,7.9,52040827.0,66341.0,11430.0,84.0,51962972.0,,,,,
1999-01-01,,12.43,61.297,1176.94,38.042,6.35,6.67,2.8333333333333335,7.6,53597833.0,66341.0,289251.0,83.0,53242158.0,,,,,
1999-02-01,,11.86,61.557,1186.81,38.125,5.65,7.08,3.0,7.4,55456770.0,66341.0,13541.0,284813.0,55092075.0,,,,,
1999-03-01,,11.68,61.66,1229.16,38.249,5.03,6.81,3.466666666666667,7.2,57450792.0,66315.0,13436.0,282631.0,57088410.0,,,,,
1999-04-01,,11.49,61.816,1208.94,38.291,4.82,6.37,3.9333333333333336,7.0,59263890.0,66341.0,13108.0,282176.0,58902265.0,,,,,
1999-05-01,4.75,11.0,61.712,1197.0,38.374,4.8,6.75,4.4,6.8,61409325.0,66683.0,10831.0,280487.0,61051324.0,,,,,
1999-06-01,4.75,10.46,61.349,1169.63,38.374,4.81,6.88,3.8666666666666667,7.3,61987062.0,66683.0,11556.0,278952.0,61629871.0,,,,,
1999-07-01,4.75,10.31,61.14,1186.04,38.498,4.84,7.89,3.333333333333333,7.0,64944463.0,66683.0,11787.0,284546.0,64581447.0,,,,,
1999-08-01,4.75,10.22,61.765,1199.79,38.747,4.75,8.91,2.8,6.4,64782273.0,66683.0,14706.0,283925.0,64416959.0,,,,,
1999-09-01,4.75,10.21,61.921,1196.97,39.037,4.74,9.33,2.833333333333333,5.7,65480127.0,66683.0,14909.0,287843.0,65110692.0,,,,,
1999-10-01,4.75,10.28,62.389,1206.38,39.078,4.75,8.28,2.8666666666666667,5.4,66214040.0,66683.0,14917.0,288002.0,65844438.0,,,,,
1999-11-01,4.75,10.18,62.284,1177.22,38.954,4.75,8.46,2.9,5.2,69681116.0,66683.0,4420.0,286379.0,69323634.0,,,,,
1999-12-01,4.75,10.08,62.18,1138.39,38.871,4.77,8.85,2.5666666666666664,5.1,74054541.0,67078.0,688.0,286488.0,73700287.0,,,,,
2000-01-01,4.75,10.14,62.456,1131.07,38.995,4.77,9.28,2.2333333333333334,5.0,76999820.0,67078.0,68651.0,283572.0,76580519.0,,,,,
2000-02-01,5.0,10.04,62.647,1128.8,39.161,5.0,8.99,1.9,4.9,79726833.0,67078.0,1354.0,279321.0,79379080.0,,,,,
2000-03-01,5.0,10.05,62.962,1117.19,39.327,5.1,9.06,1.7,4.6,83648210.0,67379.0,1360.0,280423.0,83299048.0,,,,,
2000-04-01,5.0,9.96,62.709,1109.76,39.368,5.1,8.95,1.5,4.5,84612868.0,67379.0,73890.0,275200.0,84196399.0,,,,,
2000-05-01,5.0,9.96,62.393,1120.01,39.327,5.13,8.96,1.3,4.3,86819839.0,67379.0,4846.0,276348.0,86471266.0,,,,,
2000-06-01,5.0,9.87,62.709,1118.73,39.203,5.14,8.66,1.8,4.2,90178599.0,67379.0,4073.0,278818.0,89828329.0,,,,,
2000-07-01,5.0,9.92,62.962,1114.86,39.203,5.16,8.0,2.3,4.1,90353996.0,67379.0,83432.0,274609.0,89928576.0,,,,,
2000-08-01,5.0,9.77,63.277,1114.57,39.285,5.17,7.85,2.8,4.2,91434450.0,67379.0,6912.0,271673.0,91088486.0,,,,,
2000-09-01,5.0,9.76,64.098,1116.5,39.368,5.16,7.96,1.7666666666666666,4.4,92534872.0,67631.0,6889.0,270780.0,92189572.0,,,,,
2000-10-01,5.25,9.84,64.035,1127.31,39.41,5.36,7.84,0.7333333333333334,4.1,92697246.0,67631.0,82655.0,268156.0,92278804.0,,,,,
2000-11-01,5.25,9.71,63.656,1151.15,39.285,5.38,7.31,-0.3,4.2,93343327.0,67631.0,3461.0,267535.0,93004700.0,,,,,
2000-12-01,5.25,9.48,63.908,1214.4,39.037,5.39,6.79,0.2,4.3,96198117.0,67631.0,3516.0,271833.0,95855137.0,,,,,
2001-01-01,5.25,9.21,64.604,1272.82,38.995,5.32,5.99,0.7,4.5,95417917.0,67780.0,3485.0,269421.0,95077231.0,,,,,
2001-02-01,5.0,9.13,64.919,1252.44,39.12,5.13,5.43,1.2,4.7,95333963.0,67780.0,5015.0,269114.0,94992054.0,,,,,
2001-03-01,5.0,8.84,65.488,1288.43,39.368,5.03,5.84,1.2333333333333334,4.6,94444438.0,67780.0,4902.0,263042.0,94108714.0,,,,,
2001-04-01,5.0,8.7,65.74,1325.55,39.617,5.01,6.59,1.2666666666666666,4.1,93479222.0,67780.0,52207.0,265517.0,93093718.0,,,,,
2001-05-01,5.0,8.54,65.677,1298.46,39.907,5.02,6.46,1.3,3.9,93634283.0,67780.0,11940.0,262033.0,93292530.0,,,,,
2001-06-01,5.0,8.57,65.866,1293.83,40.239,5.02,6.04,1.3333333333333333,3.8,94255502.0,67780.0,16859.0,259930.0,93910933.0,,,,,
2001-07-01,4.75,8.39,65.992,1302.6,40.736,4.81,5.75,1.3666666666666667,3.8,97059397.0,68080.0,17019.0,262392.0,96711906.0,,,,,
2001-08-01,4.5,8.0,66.245,1285.39,41.523,4.6,5.15,1.4,3.7,99024887.0,68079.0,2939.0,267706.0,98686163.0,,,,,
2001-09-01,4.0,7.55,66.182,1293.7,42.186,4.33,4.89,1.5333333333333332,3.7,100083950.0,68079.0,2954.0,269184.0,99743733.0,,,,,
2001-10-01,4.0,7.35,66.182,1302.6,42.393,4.02,4.74,1.6666666666666667,3.6,100474334.0,68326.0,2931.0,267075.0,100136002.0,,,,,
2001-11-01,4.0,7.17,65.804,1284.0,42.559,4.03,5.34,1.8,3.7,101653126.0,68326.0,3365.0,264610.0,101316825.0,,,,,
2001-12-01,4.0,6.93,65.93,1289.66,42.891,4.01,5.93,2.033333333333333,3.7,102821378.0,68325.0,3335.0,262212.0,102487506.0,,,,,
2002-01-01,4.0,6.85,66.308,1317.6,44.01,3.99,6.08,2.2666666666666666,3.6,104302472.0,68461.0,3304.0,259794.0,103970913.0,,,,,
2002-02-01,4.0,6.65,66.624,1318.72,45.129,4.02,5.92,2.5,3.5,105092240.0,68461.0,4067.0,259126.0,104760586.0,,,,,
2002-03-01,4.0,6.69,67.003,1322.51,46.165,4.03,6.3,2.2666666666666666,3.4,106091936.0,68461.0,4088.0,260405.0,105758982.0,,,,,
2002-04-01,4.0,6.86,67.382,1318.93,46.62,4.03,6.47,2.033333333333333,3.4,107655488.0,68461.0,4163.0,290656.0,107292208.0,,,,,
2002-05-01,4.25,6.99,67.634,1266.06,46.91,4.26,6.3,1.8,3.3,109629728.0,68461.0,5023.0,295193.0,109261051.0,,,,,
2002-06-01,4.25,6.98,67.571,1223.47,47.118,4.31,5.93,1.8666666666666667,3.1,112438445.0,68461.0,5351.0,430882.0,111933751.0,,,,,
2002-07-01,4.25,6.98,67.382,1185.12,47.574,4.29,5.7,1.9333333333333333,3.1,115494950.0,69183.0,5331.0,429272.0,114991164.0,,,,,
2002-08-01,4.25,6.89,67.824,1196.37,48.402,4.31,5.37,2.0,3.3,116539197.0,69183.0,9597.0,442865.0,116017552.0,,,,,
2002-09-01,4.25,6.82,68.204,1208.5,49.563,4.33,5.37,1.7,3.0,116689612.0,69183.0,9537.0,506009.0,116104883.0,,,,,
2002-10-01,4.25,7.05,68.013,1241.13,49.811,4.33,5.39,1.4,3.1,116994998.0,69183.0,9550.0,506866.0,116409399.0,,,,,
2002-11-01,4.25,7.13,68.077,1211.91,49.853,4.31,5.29,1.1,3.1,118331168.0,69183.0,11505.0,508709.0,117741771.0,,,,,
2002-12-01,4.25,7.12,68.391,1208.91,49.936,4.33,5.28,0.5000000000000001,3.1,121412508.0,69183.0,11764.0,520152.0,120811409.0,,,,,
2003-01-01,4.25,7.06,68.835,1179.27,49.894,4.3,4.96,-0.09999999999999987,3.3,122905239.0,69183.0,11980.0,529713.0,122294363.0,,,,,
2003-02-01,4.25,6.9,69.213,1191.19,50.143,4.32,4.73,-0.7,3.3,123988245.0,70067.0,13830.0,527409.0,123376939.0,,,,,
2003-03-01,4.25,6.96,70.034,1232.4,50.516,4.25,4.78,-0.5333333333333333,3.3,123824501.0,70068.0,13724.0,523377.0,123217332.0,,,,,
2003-04-01,4.25,6.84,69.908,1232.82,50.972,4.26,4.6,-0.36666666666666664,3.4,123619255.0,70068.0,13852.0,565508.0,122969827.0,,,,,
2003-05-01,4.0,6.64,69.782,1199.78,51.8,4.09,4.27,-0.2,3.6,128341567.0,70067.0,16010.0,581951.0,127673540.0,,,,,
2003-06-01,4.0,6.47,69.592,1194.02,52.173,4.03,4.07,0.5,3.6,131659858.0,70067.0,15853.0,688381.0,130885557.0,,,,,
2003-07-01,3.75,6.41,69.53,1181.59,52.289,3.85,4.37,1.2000000000000002,3.6,132906096.0,70930.0,15824.0,687153.0,132132188.0,,,,,
2003-08-01,3.75,6.15,69.845,1178.42,52.462,3.77,4.62,1.9,3.6,136189263.0,70930.0,15169.0,673256.0,135429908.0,,,,,
2003-09-01,3.75,6.04,70.477,1166.17,52.904,3.76,4.25,2.1333333333333333,3.7,141534784.0,70930.0,17927.0,694153.0,140751774.0,,,,,
2003-10-01,3.75,6.01,70.539,1166.27,53.432,3.77,4.28,2.3666666666666667,3.7,143319542.0,70930.0,18239.0,706235.0,142524138.0,,,,,
2003-11-01,3.75,6.21,70.413,1184.87,53.241,3.8,4.77,2.6,3.9,150339165.0,70930.0,20419.0,707070.0,149540745.0,,,,,
2003-12-01,3.75,6.31,70.73,1192.95,52.801,3.79,4.87,2.166666666666667,3.7,155352365.0,70930.0,21001.0,751638.0,154508796.0,,,,,
2004-01-01,3.75,6.34,71.172,1184.32,52.586,3.8,4.88,1.7333333333333334,3.5,157449639.0,71925.0,21097.0,755090.0,156601527.0,,,,,
2004-02-01,3.75,6.08,71.487,1166.69,52.693,3.78,4.83,1.3,3.6,163007125.0,71925.0,23313.0,751536.0,162160352.0,,,,,
2004-03-01,3.75,6.11,72.181,1166.34,52.8,3.77,4.58,1.1333333333333333,3.6,163556904.0,71925.0,23231.0,748896.0,162712852.0,,,,,
2004-04-01,3.75,6.07,72.181,1150.85,52.888,3.77,4.54,0.9666666666666668,3.6,163635258.0,71130.0,22722.0,732499.0,162808907.0,,,,,
2004-05-01,3.75,6.02,72.119,1177.37,52.879,3.77,4.39,0.8,3.7,166542607.0,71283.0,25441.0,745647.0,165700235.0,,,,,
2004-06-01,3.75,6.0,72.119,1158.65,52.743,3.78,4.28,0.6666666666666667,3.5,167029696.0,71283.0,25420.0,745038.0,166187956.0,,,,,
2004-07-01,3.75,5.92,72.561,1157.66,52.603,3.78,4.19,0.5333333333333334,3.7,168006423.0,72259.0,25205.0,738747.0,167170213.0,,,,,
2004-08-01,3.5,5.69,73.191,1159.0,52.394,3.62,3.82,0.4,3.7,170491958.0,72259.0,27880.0,740122.0,169651697.0,,,,,
2004-09-01,3.5,5.66,73.191,1147.97,52.283,3.53,3.59,0.5333333333333333,3.7,174448100.0,72259.0,28082.0,745509.0,173602250.0,,,,,
2004-10-01,3.5,5.62,73.191,1144.04,52.157,3.53,3.54,0.6666666666666667,3.7,178388313.0,72259.0,28564.0,758306.0,177529184.0,,,,,
2004-11-01,3.25,5.57,72.75,1091.19,51.926,3.36,3.42,0.8,3.8,192602268.0,72259.0,32386.0,777600.0,191720022.0,,,,,
2004-12-01,3.25,5.48,72.877,1050.91,51.71,3.28,3.28,0.8333333333333334,3.8,199066133.0,72259.0,32727.0,785784.0,198175363.0,,,,,
2005-01-01,3.25,5.51,73.594,1038.23,51.567,3.27,3.65,0.8666666666666667,3.8,199699277.0,73350.0,32158.0,772141.0,198821628.0,,,,,
2005-02-01,3.25,5.52,73.892,1022.43,51.732,3.27,4.19,0.9,3.7,202162426.0,73350.0,35702.0,789266.0,201264108.0,,,,,
2005-03-01,3.25,5.6,74.338,1007.49,51.93,3.25,4.04,1.2333333333333334,3.7,205447299.0,73350.0,35330.0,712848.0,204625771.0,,,,,
2005-04-01,3.25,5.43,74.413,1010.94,52.229,3.26,3.86,1.5666666666666667,3.7,206376404.0,73350.0,35443.0,715131.0,205552480.0,,,,,
2005-05-01,3.25,5.34,74.338,1002.21,52.512,3.3,3.71,1.9,3.7,206100363.0,73350.0,38288.0,701774.0,205286951.0,,,,,
2005-06-01,3.25,5.28,74.114,1010.87,52.94,3.28,3.79,1.7666666666666666,3.8,204985923.0,73350.0,37615.0,680114.0,204194844.0,,,,,
2005-07-01,3.25,5.34,74.413,1037.44,53.379,3.25,4.12,1.6333333333333333,3.8,205684605.0,73597.0,37383.0,671798.0,204901826.0,,,,,
2005-08-01,3.25,5.38,74.636,1021.17,53.573,3.25,4.33,1.5,3.7,206712212.0,73597.0,41119.0,626822.0,205970674.0,,,,,
2005-09-01,3.25,5.5,75.008,1029.33,53.702,3.25,4.52,1.3333333333333333,4.0,206731180.0,73597.0,40851.0,622888.0,205993844.0,,,,,
2005-10-01,3.5,5.7,74.859,1046.25,53.685,3.44,4.81,1.1666666666666667,3.9,207307269.0,73597.0,40896.0,623575.0,206569201.0,,,,,
2005-11-01,3.5,5.64,74.561,1041.43,53.682,3.5,5.1,1.0,3.6,208230252.0,73597.0,43569.0,534011.0,207579074.0,,,,,
2005-12-01,3.75,5.63,74.785,1024.15,53.785,3.69,5.06,1.2,3.5,210390703.0,73597.0,43648.0,305788.0,209967669.0,,,,,
2006-01-01,3.75,5.69,75.231,987.03,53.964,3.75,5.02,1.4000000000000001,3.4,216932905.0,73597.0,44091.0,308891.0,216506326.0,,,,,
2006-02-01,4.0,5.71,75.381,970.22,54.208,3.92,4.87,1.6,3.5,215949925.0,73909.0,46289.0,289527.0,215540201.0,,,,,
2006-03-01,4.0,5.68,75.827,975.09,54.556,3.98,4.93,1.3,3.5,217344329.0,73909.0,46518.0,287550.0,216936352.0,,,,,
2006-04-01,4.0,5.62,75.902,954.44,55.038,3.97,4.95,1.0,3.5,222890019.0,73909.0,47251.0,269298.0,222499561.0,,,,,
2006-05-01,4.0,5.64,76.05,941.4,55.6,3.96,4.78,0.7,3.4,224689153.0,73909.0,49655.0,274341.0,224291248.0,,,,,
2006-06-01,4.25,5.72,75.902,955.16,55.866,4.16,4.89,1.0,3.5,224357276.0,73909.0,48876.0,277397.0,223957095.0,,,,,
2006-07-01,4.25,5.95,76.199,950.15,55.986,4.21,4.89,1.3,3.5,225715888.0,74253.0,49242.0,279502.0,225312891.0,,,,,
2006-08-01,4.5,6.03,76.645,960.72,56.121,4.42,4.77,1.6,3.5,227024881.0,74228.0,51072.0,281034.0,226618548.0,,,,,
2006-09-01,4.5,5.9,76.868,953.68,56.392,4.48,4.69,1.3333333333333335,3.5,228224315.0,74228.0,50841.0,280082.0,227819163.0,,,,,
2006-10-01,4.5,5.84,76.496,954.23,57.151,4.48,4.62,1.0666666666666669,3.6,229461022.0,74228.0,50924.0,730243.0,228605627.0,,,,,
2006-11-01,4.5,5.82,76.125,936.22,58.925,4.47,4.72,0.8,3.5,234256939.0,74228.0,54118.0,440819.0,233687776.0,,,,,
2006-12-01,4.5,5.97,76.348,925.75,60.024,4.49,4.82,1.1,3.4,238956116.0,74228.0,54017.0,439999.0,238387872.0,,,,,
2007-01-01,4.5,6.2,76.496,936.36,60.548,4.63,4.97,1.4,3.4,240228757.0,74228.0,53600.0,391856.0,239709073.0,343611.7,346013.5,241824.7,104188.7,24203.895
2007-02-01,4.5,6.25,77.017,937.02,60.768,4.6,4.91,1.7,3.1,242812021.0,74228.0,57803.0,395481.0,242284509.0,348538.3,347940.5,242810.7,105129.8,27268.612
2007-03-01,4.5,6.32,77.464,943.26,60.88,4.6,4.79,1.7,3.2,243915438.0,74228.0,58102.0,397530.0,243385578.0,356374.1,348640.1,243568.7,105071.5,30867.959
2007-04-01,4.5,6.3,77.761,931.5,60.959,4.68,4.94,1.7,3.3,247259663.0,74228.0,58582.0,345478.0,246781374.0,366182.7,349946.7,243687.2,106259.5,28445.735
2007-05-01,4.5,6.39,77.836,927.91,60.979,4.62,5.1,1.7,3.3,250741103.0,74228.0,60982.0,342376.0,250263518.0,373640.2,350100.5,242448.4,107652.1,25244.952
2007-06-01,4.5,6.33,77.836,928.32,61.062,4.54,5.24,1.5333333333333332,3.3,250701619.0,74228.0,61075.0,342897.0,250223420.0,384660.6,350828.7,242978.7,107850.0,34685.64
2007-07-01,4.75,6.38,78.134,918.85,61.221,4.67,5.35,1.3666666666666667,3.3,254838621.0,74228.0,61740.0,308608.0,254394044.0,389858.4,352543.9,243260.9,109283.0,27630.786
2007-08-01,5.0,6.51,78.208,933.8,61.336,4.91,5.28,1.2,3.3,255301804.0,74267.0,64358.0,308588.0,254854592.0,395292.8,355903.6,243726.9,112176.7,30207.644
2007-09-01,5.0,6.66,78.655,932.41,61.498,4.97,5.39,1.5333333333333334,3.2,257293573.0,74267.0,65350.0,305691.0,256848265.0,406332.9,356840.1,244043.8,112796.3,24763.494
2007-10-01,5.0,6.71,78.803,915.86,61.656,5.0,5.42,1.8666666666666667,3.3,260138379.0,74267.0,65964.0,308562.0,259689586.0,415823.9,360700.3,244938.9,115761.5,33609.292
2007-11-01,5.0,6.75,78.803,916.98,61.823,5.0,5.54,2.2,3.3,261927965.0,74280.0,69074.0,312673.0,261471939.0,428812.8,363976.1,246237.5,117738.7,37786.464
2007-12-01,5.0,6.99,79.101,930.24,61.91,4.99,5.89,1.6,3.1,262224070.0,74302.0,68583.0,310450.0,261770734.0,425361.9,363680.9,245763.5,117917.5,17403.744
2008-01-01,5.0,7.21,79.472,942.39,62.08,4.99,5.44,1.0,3.0,261870733.0,74302.0,69152.0,306008.0,261421271.0,436590.8,363014.3,245837.1,117177.2,35381.286
2008-02-01,5.0,6.95,79.771,944.69,62.271,4.97,5.06,0.4,2.9,262364808.0,74302.0,71568.0,298988.0,261919949.0,441045.4,365346.3,244289.9,121056.3,33054.963
2008-03-01,5.0,6.89,80.515,979.86,62.746,4.97,5.15,0.43333333333333335,3.0,264245660.0,74302.0,85959.0,307085.0,263778314.0,449346.1,367714.4,244820.4,122894.0,35471.743
2008-04-01,5.0,6.99,80.962,986.66,63.294,4.99,4.98,0.4666666666666667,3.1,260482546.0,74302.0,84888.0,303260.0,260020096.0,461008.7,371091.0,246775.0,124316.1,31382.099
2008-05-01,5.0,6.95,81.63,1036.73,63.679,4.99,5.28,0.5,3.2,258198958.0,74302.0,86298.0,366181.0,257672177.0,467435.9,373854.5,248067.6,125786.9,34631.236
2008-06-01,5.0,6.93,82.151,1029.27,64.064,4.93,5.7,0.6,3.1,258097988.0,74967.0,86643.0,352163.0,257584214.0,475765.9,376970.1,248748.4,128221.7,33012.022
2008-07-01,5.0,7.12,82.747,1019.12,64.314,4.98,5.96,0.7000000000000001,3.1,247522666.0,74967.0,86144.0,350132.0,247011423.0,486129.8,379360.3,250506.5,128853.8,31470.773
2008-08-01,5.25,7.35,82.598,1041.54,64.442,5.21,5.77,0.8,3.3,243200303.0,74967.0,85559.0,339631.0,242700146.0,491904.5,381537.8,251063.1,130474.6,26167.368
2008-09-01,5.25,7.45,82.673,1130.4,64.591,5.21,5.81,-0.5666666666666664,3.2,239671786.0,74967.0,84710.0,336261.0,239175849.0,498809.9,383639.1,251989.9,131649.2,24445.715
2008-10-01,4.25,7.77,82.598,1326.92,64.557,4.89,5.09,-1.933333333333333,3.3,212252810.0,74967.0,81831.0,313330.0,211782682.0,509250.4,385075.5,252146.6,132928.9,19056.617
2008-11-01,4.0,7.62,82.375,1390.09,64.297,4.0,4.97,-3.3,3.4,200505915.0,74967.0,83037.0,562401.0,199785511.0,514352.0,386993.2,253220.0,133773.2,25313.035
2008-12-01,3.0,7.01,82.375,1373.84,63.833,3.27,3.97,-2.1666666666666665,3.4,201223413.0,75650.0,86021.0,582614.0,200479128.0,509074.6,388573.2,254735.7,133837.4,33340.847
2009-01-01,2.5,5.84,82.45,1346.1,63.479,2.43,3.44,-1.0333333333333332,3.3,201741003.0,75650.0,83626.0,561876.0,201019851.0,514828.2,387191.2,256007.3,131183.9,35190.781
2009-02-01,2.0,5.73,83.045,1429.46,63.32,2.06,3.78,0.1,3.3,201534628.0,75650.0,83016.0,549927.0,200826035.0,516457.0,390169.5,258510.8,131658.7,42228.019
2009-03-01,2.0,5.62,83.64,1461.98,63.209,1.77,3.69,0.5,3.5,206340481.0,75650.0,83997.0,556425.0,205624409.0,522656.9,392118.2,260443.8,131674.4,53348.937
2009-04-01,2.0,5.5,83.862,1341.9,63.247,1.79,3.76,0.8999999999999999,3.7,212478021.0,75650.0,84465.0,559524.0,211758382.0,525086.4,393425.9,261221.1,132204.8,44198.996
2009-05-01,2.0,5.48,83.862,1258.71,63.315,1.91,3.83,1.3,3.9,226766307.0,75650.0,87158.0,826574.0,225776925.0,526086.8,396306.7,263341.3,132965.4,33342.834
2009-06-01,2.0,5.47,83.788,1261.35,63.438,1.93,4.09,1.8666666666666667,3.9,231734629.0,78025.0,88015.0,834704.0,230733885.0,524692.2,400321.8,266485.2,133836.6,50955.884
2009-07-01,2.0,5.58,84.086,1263.97,63.611,1.94,4.09,2.4333333333333336,3.8,237509692.0,78025.0,88061.0,835134.0,236508472.0,526110.8,402980.1,269494.5,133485.6,40829.671
2009-08-01,2.0,5.63,84.384,1238.4,63.812,1.98,4.42,3.0,3.8,245458538.0,78025.0,3483243.0,982777.0,240914493.0,529608.3,405960.4,271880.1,134080.3,42668.868
2009-09-01,2.0,5.96,84.459,1219.15,64.268,1.98,4.4,2.2333333333333334,3.6,254247250.0,78025.0,3768535.0,991386.0,249409304.0,532693.9,405030.9,270048.8,134982.2,46221.065
2009-10-01,2.0,6.05,84.235,1175.25,64.512,2.0,4.47,1.4666666666666668,3.6,264187192.0,78025.0,3791468.0,997419.0,259320280.0,531242.3,406447.8,271243.7,135204.1,39489.429
2009-11-01,2.0,6.0,84.384,1164.23,64.676,2.0,4.32,0.7,3.7,270892261.0,78025.0,3847506.0,1011998.0,265954732.0,534335.6,409047.4,272352.6,136694.8,45405.796
2009-12-01,2.0,5.95,84.682,1166.45,64.768,2.0,4.24,1.1333333333333333,3.6,269994736.0,78976.0,3731871.0,981583.0,265202306.0,524032.3,409504.0,273687.0,135817.0,24550.818
2010-01-01,2.0,6.02,85.351,1138.82,64.851,2.0,4.29,1.5666666666666667,4.7,273693584.0,78976.0,3718969.0,978190.0,268917449.0,527633.9,408514.0,273822.2,134691.8,21494.762
2010-02-01,2.0,5.92,85.523,1157.08,65.04,2.0,4.19,2.0,4.0,270659721.0,78976.0,3754378.0,961097.0,265865270.0,530042.6,408282.8,274128.7,134154.1,29174.205
2010-03-01,2.0,5.8,85.696,1137.64,65.201,2.01,3.94,1.9666666666666666,3.6,272331061.0,78976.0,3730075.0,954875.0,267567135.0,531243.9,410241.1,275469.0,134772.1,37116.084
2010-04-01,2.0,5.46,86.041,1117.11,65.327,2.0,3.77,1.9333333333333333,3.6,278873477.0,78976.0,3702827.0,947900.0,274143774.0,534568.2,412008.8,276927.6,135081.2,38754.927
2010-05-01,2.0,5.16,86.128,1163.11,65.358,2.01,3.7,1.9,3.2,270221038.0,78976.0,3619664.0,926471.0,265595927.0,536582.7,416386.4,278273.0,138113.4,37351.31
2010-06-01,2.0,5.15,86.041,1212.33,65.365,2.0,3.75,1.6666666666666665,3.5,274218706.0,78976.0,3389570.0,926974.0,269823186.0,534522.3,418888.9,280550.8,138338.1,46540.274
2010-07-01,2.25,5.13,86.214,1207.3,65.303,2.2,3.88,1.4333333333333333,3.8,285957848.0,78976.0,3496650.0,956258.0,281425964.0,537443.1,420364.1,282538.2,137826.0,32078.116
2010-08-01,2.25,5.26,86.647,1179.92,65.271,2.27,3.73,1.2,3.5,285353120.0,78976.0,3468293.0,948340.0,280857511.0,537325.1,421335.4,281961.0,139374.4,50044.045
2010-09-01,2.25,5.22,87.337,1167.01,65.333,2.27,3.48,1.2,3.8,289775214.0,79646.0,3567577.0,975487.0,285152504.0,540754.9,422634.5,283311.5,139322.9,85978.141
2010-10-01,2.25,5.21,87.337,1123.45,65.469,2.26,3.24,1.2,3.7,293347790.0,79646.0,3607337.0,986359.0,288674448.0,546393.5,425291.5,285113.7,140177.8,66145.432
2010-11-01,2.5,5.15,86.906,1126.2,65.721,2.37,3.4,1.2,3.3,290230708.0,79646.0,3520152.0,962354.0,285668556.0,547392.1,429359.3,287418.7,141940.6,58579.7
2010-12-01,2.5,5.08,87.251,1147.55,65.991,2.5,3.25,1.1,3.7,291570661.0,79646.0,3539921.0,1024738.0,286926356.0,535155.7,431457.2,289623.0,141834.2,52713.899
2011-01-01,2.75,5.3,88.288,1120.07,66.3,2.66,3.71,1.0,3.5,295956219.0,79646.0,3666171.0,1181695.0,291028707.0,542160.3,431211.4,290748.7,140462.6,51381.693
2011-02-01,2.75,5.26,88.892,1118.14,66.83,2.75,3.94,0.9,3.7,297667285.0,79646.0,3679359.0,1185698.0,292722582.0,546357.8,433396.1,292369.6,141026.4,43237.504
2011-03-01,3.0,5.41,89.238,1122.45,67.482,2.92,3.74,0.7666666666666667,3.8,298617571.0,79646.0,3703035.0,1193328.0,293641562.0,549927.5,435127.1,294147.6,140979.5,58809.999
2011-04-01,3.0,5.42,89.325,1086.84,68.037,3.01,3.74,0.6333333333333333,3.5,307198549.0,79646.0,3618998.0,1401347.0,302098558.0,558519.6,437667.9,296378.1,141289.8,50352.697
2011-05-01,3.0,5.49,89.497,1083.54,68.511,3.02,3.66,0.5,3.3,305083958.0,79646.0,3560484.0,1913176.0,299530652.0,562763.6,440934.1,297618.4,143315.8,65281.134
2011-06-01,3.25,5.47,89.67,1081.27,68.848,3.2,3.65,0.5,3.3,304484573.0,79646.0,3583624.0,1918340.0,298902963.0,560558.2,444279.0,299223.0,145056.0,78439.909
2011-07-01,3.25,5.46,90.102,1059.5,69.129,3.26,3.77,0.5,3.3,311030779.0,1320854.0,3593047.0,2174820.0,303942058.0,566645.8,446511.4,301142.4,145369.1,78119.043
2011-08-01,3.25,5.58,90.707,1073.17,69.47,3.25,3.57,0.5,3.2,312194523.0,1320854.0,3610044.0,2184054.0,305079571.0,570025.2,449036.0,302248.4,146787.6,82446.923
2011-09-01,3.25,5.66,90.62,1118.61,69.848,3.25,3.45,0.5,3.3,303383685.0,1320854.0,3517790.0,2223370.0,296321672.0,575332.0,449630.5,303258.3,146372.3,80439.527
2011-10-01,3.25,5.56,90.448,1155.45,70.126,3.24,3.47,0.5,3.2,310975985.0,1320854.0,3584680.0,2265647.0,303804804.0,583132.2,452788.7,305397.2,147391.5,65818.868
2011-11-01,3.25,5.6,90.534,1132.31,70.403,3.26,3.39,0.5,3.3,308631299.0,2166636.0,3490966.0,2205352.0,300768346.0,588241.4,454153.9,306437.6,147716.3,84636.232
2011-12-01,3.25,5.37,90.879,1147.45,70.521,3.26,3.36,0.6333333333333333,3.2,306402488.0,2166636.0,3446715.0,2556211.0,298232927.0,578723.6,455856.7,308876.5,146980.2,62617.337
2012-01-01,3.25,5.8,91.242,1145.85,70.631,3.26,3.37,0.7666666666666666,3.2,311340552.0,2166636.0,3485002.0,2584606.0,303104309.0,586668.3,453081.9,307982.1,145099.8,64951.34
2012-02-01,3.25,5.67,91.588,1123.35,70.749,3.25,3.43,0.9,3.4,315803644.0,2166636.0,3564674.0,2596966.0,307475369.0,589682.6,453544.9,308593.3,144951.5,98164.759
2012-03-01,3.25,5.62,91.614,1125.9,70.856,3.25,3.55,0.8,3.3,315951551.0,2166636.0,3542435.0,2664354.0,307578126.0,591960.5,453140.7,309463.3,143677.4,120486.783
2012-04-01,3.25,5.54,91.605,1135.55,70.932,3.25,3.5,0.7,3.3,316836857.0,2166636.0,3552294.0,2671769.0,308446159.0,597787.9,454464.9,310469.5,143995.4,89966.083
2012-05-01,3.25,5.51,91.769,1154.27,70.967,3.26,3.38,0.6,3.1,310871842.0,2166642.0,3466391.0,2548747.0,302690061.0,600889.0,456662.7,311308.8,145353.9,113223.354
2012-06-01,3.25,5.38,91.639,1165.51,70.941,3.26,3.29,0.5666666666666667,3.2,312378022.0,2166642.0,3464098.0,2547061.0,304200221.0,602058.9,457893.2,312412.4,145480.8,123240.593
2012-07-01,3.0,5.2,91.432,1143.36,70.861,3.09,3.01,0.5333333333333333,3.1,314348164.0,2980318.0,3457677.0,2542340.0,305367829.0,605164.1,458595.4,312735.9,145859.5,146753.838
2012-08-01,3.0,4.9,91.855,1131.69,70.79,3.0,2.83,0.5,3.2,316884505.0,2980318.0,3487042.0,2892257.0,307524888.0,608883.3,460110.2,313422.6,146687.6,155702.332
2012-09-01,3.0,4.86,92.512,1124.78,70.683,2.99,2.81,0.5,3.2,322014520.0,2980318.0,3531768.0,2827728.0,312674707.0,617009.2,459330.4,313334.1,145996.3,137831.244
2012-10-01,2.75,4.84,92.339,1106.93,70.603,2.81,2.78,0.5,3.1,323461424.0,2980318.0,3528098.0,2698311.0,314254696.0,619341.1,461339.4,313724.6,147614.8,109592.406
2012-11-01,2.75,4.74,92.011,1087.52,70.55,2.75,2.8,0.5,3.2,326091468.0,3761391.0,3520132.0,2779287.0,316030658.0,622013.5,462425.3,313434.7,148990.6,100338.525
2012-12-01,2.75,4.54,92.175,1076.97,70.501,2.75,2.85,0.6333333333333333,3.1,326968393.0,3761391.0,3525637.0,2783634.0,316897731.0,610389.1,467268.6,318226.7,149041.9,86084.307
2013-01-01,2.75,4.84,92.728,1065.35,70.462,2.76,2.75,0.7666666666666666,3.2,328910278.0,3761391.0,3508933.0,2769540.0,318870415.0,614626.0,463841.6,316024.2,147817.4,123855.417
2013-02-01,2.75,4.61,93.038,1086.68,70.421,2.75,2.7,0.9,3.2,327395341.0,4794486.0,3449195.0,2722084.0,316429576.0,618053.8,462261.1,315148.5,147112.5,101351.588
2013-03-01,2.75,4.55,92.952,1102.2,70.389,2.74,2.6,1.0,3.0,327408423.0,4794486.0,3412068.0,2667317.0,316534552.0,620955.0,462379.7,315972.8,146406.9,107241.71
2013-04-01,2.75,4.42,92.823,1121.83,70.391,2.75,2.55,1.1,3.0,328799477.0,4794486.0,3437578.0,2670408.0,317897005.0,626551.1,463320.4,315826.8,147493.7,112843.8
2013-05-01,2.5,4.3,92.823,1110.67,70.381,2.56,2.59,1.2,3.0,328095419.0,4794486.0,3409830.0,2510856.0,317380247.0,629837.5,465923.5,317770.5,148153.1,119884.609
2013-06-01,2.5,4.11,92.71,1135.21,70.353,2.49,2.87,1.1,3.1,326439981.0,4794486.0,3410738.0,2634030.0,315600728.0,632991.9,470650.1,321202.7,149447.4,104005.748
2013-07-01,2.5,4.31,92.909,1127.23,70.351,2.48,2.91,1.0,3.2,329709314.0,4794486.0,3424858.0,2598985.0,318890987.0,637092.5,470745.8,321182.4,149563.5,101866.979
2013-08-01,2.5,4.33,93.238,1116.98,70.323,2.5,2.94,0.9,3.2,331093643.0,4794486.0,3428664.0,2601558.0,320268934.0,641542.3,472589.1,321974.9,150614.1,106492.835
2013-09-01,2.5,4.26,93.419,1087.35,70.36,2.5,2.9,0.9,3.0,336921772.0,4794486.0,3465750.0,2553312.0,326108224.0,647047.3,472739.5,322246.3,150493.3,91251.04
2013-10-01,2.5,4.21,93.134,1066.8,70.503,2.5,2.83,0.9,3.1,343225517.0,4794486.0,3490399.0,2529333.0,332411299.0,651810.3,475202.5,324011.9,151190.6,102806.067
2013-11-01,2.5,4.19,93.116,1062.82,70.626,2.5,2.936,0.9,3.1,345011747.0,4794486.0,3472073.0,2483029.0,334262159.0,657853.8,478229.9,326100.7,152129.2,121800.598
2013-12-01,2.5,4.1,93.229,1056.67,70.762,2.5,2.941,0.9,3.2,346459569.0,4794486.0,3489916.0,2527716.0,335647450.0,646393.1,481131.3,328923.1,152208.2,102666.639
2014-01-01,2.5,4.15,93.73,1064.75,70.842,2.5,2.892,0.9,3.2,348393811.0,4794486.0,3485837.0,2524762.0,337588725.0,656924.9,478516.4,328153.0,150363.4,90468.973
2014-02-01,2.5,4.05,93.98,1071.3,70.957,2.49,2.854,0.9,3.6,351791760.0,4794486.0,3493691.0,2502423.0,341001159.0,660785.5,480357.0,329368.7,150988.3,89975.473
2014-03-01,2.5,4.09,94.153,1070.89,71.157,2.48,2.874,0.9,3.4,354341349.0,4794486.0,3499131.0,2434996.0,343612737.0,662658.4,481280.5,330892.2,150388.2,90215.519
2014-04-01,2.5,4.04,94.214,1044.55,71.304,2.49,2.875,0.9,3.5,355845420.0,4794486.0,3514543.0,2514427.0,345021964.0,672113.9,484084.2,333421.4,150662.7,94662.015
2014-05-01,2.5,4.02,94.369,1024.99,71.351,2.49,2.838,0.9,3.5,360912745.0,4794486.0,3492980.0,2440293.0,350184986.0,678370.0,486034.3,335239.8,150794.5,104004.007
2014-06-01,2.5,3.94,94.248,1019.36,71.401,2.48,2.746,0.7,3.5,366545511.0,4794486.0,3500461.0,2486416.0,355764147.0,679217.9,489581.6,338314.1,151267.5,130360.884
2014-07-01,2.5,3.93,94.386,1019.93,71.466,2.49,2.558,0.49999999999999994,3.5,368026376.0,4794486.0,3475751.0,2453672.0,357302467.0,682200.5,492618.6,341082.9,151535.7,139254.313
2014-08-01,2.25,3.76,94.551,1025.36,71.562,2.34,2.54,0.3,3.5,367534108.0,4794486.0,3442250.0,2391711.0,356905661.0,686376.1,497639.4,346097.9,151541.4,119681.884
2014-09-01,2.25,3.76,94.49,1033.24,71.758,2.24,2.405,0.36666666666666664,3.5,364406672.0,4794486.0,3372190.0,2269967.0,353970030.0,689575.5,501922.8,350187.6,151735.2,117936.847
2014-10-01,2.0,3.64,94.205,1060.28,71.97,2.07,2.239,0.43333333333333335,3.6,363723405.0,4794486.0,3357452.0,2207533.0,353363934.0,697850.8,508290.8,355668.6,152622.2,138187.781
2014-11-01,2.0,3.55,94.015,1095.1,72.116,1.98,2.138,0.5,3.6,363095393.0,4794747.0,3316254.0,2182787.0,352801605.0,701666.1,514241.8,360626.0,153615.9,138160.752
2014-12-01,2.0,3.55,94.006,1104.33,72.249,1.99,2.143,0.6,3.6,363592748.0,4794747.0,3280469.0,1917060.0,353600472.0,700104.7,519636.8,365579.6,154057.1,119374.057
2015-01-01,2.0,3.59,94.643,1088.86,72.345,1.99,2.039,0.7000000000000001,3.5,362186186.0,4794747.0,3189213.0,1864779.0,352337447.0,707952.5,520054.3,367128.5,152925.9,149526.587
2015-02-01,2.0,3.48,94.587,1098.4,72.509,1.99,2.024,0.8,3.6,362370074.0,4794747.0,3201425.0,1871794.0,352502108.0,712929.5,523445.6,371037.7,152408.0,127215.202
2015-03-01,1.75,3.21,94.596,1112.57,72.809,1.83,1.865,0.7000000000000001,3.5,362750264.0,4794747.0,3131927.0,1490819.0,353332770.0,715517.5,527436.2,375256.3,152179.9,170247.187
2015-04-01,1.75,2.96,94.625,1088.66,73.169,1.73,1.739,0.6,3.6,369902086.0,4794747.0,3162416.0,1463596.0,360481327.0,721309.0,536171.1,383478.4,152692.7,164365.687
2015-05-01,1.75,3.27,94.89,1091.27,73.441,1.74,1.875,0.5,3.7,371505613.0,4794747.0,3145219.0,1455843.0,362109803.0,725183.5,537792.3,384054.9,153737.4,136889.517
2015-06-01,1.5,3.22,94.909,1112.2,73.778,1.57,1.773,0.8,3.7,374749258.0,4794747.0,3523995.0,1453955.0,364976561.0,727038.7,527229.6,372218.5,155011.0,135910.176
2015-07-01,1.5,3.17,95.08,1143.22,74.092,1.48,1.777,1.1,3.7,370822336.0,4794747.0,3446119.0,1444836.0,361136634.0,731908.1,528315.2,372423.7,155891.5,132349.162
2015-08-01,1.5,3.13,95.213,1179.1,74.381,1.49,1.735,1.4,3.7,367938017.0,4794747.0,3480147.0,1506907.0,358156216.0,737947.1,536144.6,378604.9,157539.8,134612.656
2015-09-01,1.5,3.11,94.966,1184.76,74.731,1.48,1.651,1.1666666666666665,3.5,368113633.0,4794747.0,3463703.0,1436648.0,358418535.0,744068.3,541547.6,383681.7,157865.9,149998.202
2015-10-01,1.5,3.06,94.966,1148.18,74.984,1.48,1.627,0.9333333333333333,3.5,369600626.0,4794747.0,3435032.0,1433144.0,359937704.0,754629.2,550156.7,390388.0,159768.7,162866.143
2015-11-01,1.5,3.16,94.786,1151.97,75.304,1.49,1.752,0.7,3.6,368463398.0,4794754.0,3386889.0,1412982.0,358868773.0,759021.4,556491.8,395124.5,161367.2,160230.36
2015-12-01,1.5,3.23,95.07,1172.24,75.441,1.48,1.719,0.5666666666666667,3.5,367961865.0,4794754.0,3241443.0,1411824.0,358513845.0,750103.9,563727.8,401728.5,161999.3,147741.287
2016-01-01,1.5,3.28,95.232,1201.67,75.504,1.49,1.628,0.4333333333333333,3.5,367293330.0,4794754.0,3230925.0,1407243.0,357860408.0,756605.5,564643.7,403236.3,161407.5,176108.246
2016-02-01,1.5,3.21,95.64,1217.35,75.558,1.49,1.474,0.3,3.9,365758112.0,4794754.0,2349819.0,1867596.0,356745942.0,759201.8,565824.6,404133.9,161690.7,180791.618
2016-03-01,1.5,3.24,95.393,1188.21,75.584,1.49,1.498,0.6,3.7,369839889.0,4794754.0,2380451.0,1839194.0,360825491.0,759592.7,569313.2,407110.8,162202.4,236123.816
2016-04-01,1.5,3.17,95.573,1147.51,75.615,1.48,1.468,0.8999999999999999,3.6,372481509.0,4794754.0,2406263.0,1830406.0,363450086.0,766399.7,573976.1,411100.1,162876.0,182439.468
2016-05-01,1.5,3.16,95.63,1171.51,75.665,1.49,1.455,1.2,3.5,370896643.0,4794754.0,2552920.0,1820435.0,361728534.0,769711.1,580526.9,415638.8,164888.1,201851.261
2016-06-01,1.25,3.06,95.611,1170.5,75.734,1.29,1.334,0.9333333333333333,3.5,369889849.0,4794754.0,2535479.0,1807615.0,360752001.0,768344.5,586682.0,420111.5,166570.5,272150.094
2016-07-01,1.25,2.96,95.431,1144.09,75.832,1.23,1.218,0.6666666666666666,3.6,371383929.0,4794754.0,2540635.0,1800363.0,362248177.0,774834.1,591874.6,424800.9,167073.7,518620.304
2016-08-01,1.25,2.95,95.677,1111.68,75.927,1.23,1.238,0.4,3.9,375459420.0,4794754.0,2550794.0,1807485.0,366306387.0,776817.2,599211.8,429553.4,169658.5,517594.988
2016-09-01,1.25,3.03,96.247,1107.49,76.031,1.24,1.312,0.4666666666666667,4.0,377770474.0,4794754.0,2583329.0,1802473.0,368589918.0,779336.6,603924.0,433556.0,170368.0,304291.911
2016-10-01,1.25,3.08,96.379,1125.28,76.215,1.23,1.361,0.5333333333333333,3.8,375166658.0,4794754.0,2534186.0,1768184.0,366069533.0,784838.7,609446.9,437032.9,172414.0,331040.476
2016-11-01,1.25,3.2,96.237,1161.64,76.407,1.23,1.609,0.6,3.7,371985331.0,4794754.0,2903768.0,1742919.0,362543891.0,787984.5,616512.9,441460.5,175052.4,197211.024
2016-12-01,1.25,3.29,96.342,1182.28,76.463,1.23,1.692,0.7333333333333333,3.5,371101605.0,4794754.0,2877996.0,1727450.0,361701404.0,773960.4,617420.3,442564.1,174856.2,111169.972
2017-01-01,1.25,3.39,97.366,1185.1,76.481,1.24,1.643,0.8666666666666667,3.5,374036338.0,4794754.0,2919542.0,1745884.0,364576158.0,782427.9,615331.5,441232.5,174099.0,160748.141
2017-02-01,1.25,3.38,97.632,1144.92,76.489,1.23,1.665,1.0,3.9,373908551.0,4794754.0,2916686.0,1743692.0,364453419.0,785911.1,616574.5,441641.6,174932.9,233153.643
2017-03-01,1.25,3.43,97.565,1134.77,76.509,1.23,1.709,0.9,3.6,375302146.0,4794754.0,2932210.0,1748885.0,365826297.0,786174.5,618472.4,443167.6,175304.8,281213.179
2017-04-01,1.25,3.41,97.442,1132.73,76.538,1.23,1.678,0.7999999999999999,3.8,376573253.0,4794754.0,2952047.0,1742918.0,367083534.0,793089.9,621098.2,444431.2,176667.0,224294.469
2017-05-01,1.25,3.47,97.546,1125.28,76.578,1.23,1.69,0.7,3.4,378456235.0,4794754.0,2978030.0,1757558.0,368925892.0,794074.9,625663.6,446450.8,179212.8,200781.717
2017-06-01,1.25,3.41,97.338,1130.04,76.711,1.24,1.673,0.9333333333333332,3.7,380568047.0,4794754.0,2996124.0,1750820.0,371026348.0,792867.6,630477.2,449425.5,181051.6,239307.116
2017-07-01,1.25,3.46,97.499,1134.4,76.891,1.24,1.74,1.1666666666666665,3.5,383755561.0,4794754.0,3292936.0,1729751.0,373938120.0,799825.5,635026.2,452073.2,182953.0,272268.851
2017-08-01,1.25,3.39,98.058,1130.79,77.074,1.23,1.78,1.4,4.0,384839045.0,4794754.0,3324782.0,1748578.0,374970930.0,803419.4,640923.0,454539.0,186384.0,235994.933
2017-09-01,1.25,3.41,98.172,1131.59,77.139,1.25,1.785,0.8333333333333333,3.8,384673968.0,4794754.0,3302485.0,1740564.0,374836165.0,808911.2,645459.2,457427.9,188031.3,198008.882
2017-10-01,1.25,3.51,98.077,1131.57,77.226,1.25,2.026,0.2666666666666666,3.7,384462718.0,4794754.0,3283302.0,1692138.0,374692523.0,815559.5,651249.3,459715.6,191533.7,106404.567
2017-11-01,1.5,3.59,97.347,1105.04,77.332,1.26,2.15,-0.3,3.8,387251220.0,4794754.0,3277769.0,1634154.0,377544543.0,820286.7,657251.6,462086.8,195164.8,140384.58
2017-12-01,1.5,3.61,97.698,1085.78,77.411,1.51,2.1,0.2,3.6,389266683.0,4794754.0,3374254.0,1621098.0,379476576.0,814352.7,660677.8,464208.5,196469.3,100694.371
2018-01-01,1.5,3.71,98.106,1066.7,77.556,1.5,2.19,0.7,3.5,395754579.0,4794754.0,3429968.0,1634304.0,385895553.0,821265.0,662924.0,465097.3,197826.7,132568.936
2018-02-01,1.5,3.65,98.855,1079.58,77.723,1.49,2.277,1.2,3.7,394798667.0,4794754.0,3422695.0,1629924.0,384951294.0,825061.0,665133.2,466588.2,198545.0,177716.712
2018-03-01,1.5,3.69,98.751,1071.89,77.917,1.49,2.271,1.0,4.0,396753590.0,4794754.0,3428355.0,1627677.0,386902803.0,828921.6,668858.6,468822.8,200035.9,301530.696
2018-04-01,1.5,3.69,98.931,1067.76,78.049,1.48,2.192,0.8,3.8,398421500.0,4794754.0,3393683.0,1605560.0,388627503.0,835045.2,673131.6,470447.7,202683.9,202683.282
2018-05-01,1.5,3.75,98.979,1076.39,78.127,1.5,2.25,0.6,3.8,398980563.0,4794754.0,3336979.0,1579207.0,389269623.0,839985.1,677460.0,472394.1,205065.9,202897.86
2018-06-01,1.5,3.72,98.779,1092.8,78.203,1.49,2.175,0.6333333333333333,3.5,400298586.0,4794754.0,3255790.0,1913542.0,390334499.0,838878.0,681706.3,474866.4,206839.8,215749.069
2018-07-01,1.5,3.73,98.59,1122.8,78.293,1.49,2.097,0.6666666666666666,3.8,402447534.0,4794754.0,3553802.0,1916433.0,392182545.0,844440.4,685639.9,477140.3,208499.6,217915.062
2018-08-01,1.5,3.66,99.462,1121.15,78.46,1.5,2.019,0.7,4.5,401131047.0,4794754.0,3526900.0,1915067.0,390894325.0,850867.6,691369.4,480367.1,211002.3,246381.128
2018-09-01,1.5,3.62,100.221,1120.6,79.232,1.54,1.953,0.7,4.1,402999746.0,4794754.0,3511395.0,1914794.0,392778804.0,855404.5,695920.8,483501.3,212419.4,190842.409
2018-10-01,1.5,3.64,100.041,1130.81,79.677,1.52,2.01,0.7,4.0,402747935.0,4794754.0,3462525.0,2000128.0,392490527.0,861984.9,702490.3,485916.3,216574.0,192846.395
2018-11-01,1.75,3.63,99.33,1128.58,79.799,1.51,1.94,0.7,3.9,402987219.0,4794754.0,3413003.0,2001720.0,392777742.0,867265.9,708809.7,490357.5,218452.2,195564.866
2018-12-01,1.75,3.61,98.988,1122.9,79.861,1.77,1.825,0.39999999999999997,3.8,403694264.0,4794754.0,3426640.0,2140388.0,393332482.0,861036.1,713084.9,494265.4,218819.4,112181.736
2019-01-01,1.75,3.58,98.884,1122.0,79.877,1.76,1.807,0.09999999999999998,4.1,405513163.0,4794755.0,3394088.0,2175470.0,395148850.0,868294.4,713743.0,496332.7,217410.3,137955.816
2019-02-01,1.75,3.5,99.311,1122.45,79.824,1.76,1.802,-0.2,3.8,404673960.0,4794755.0,3386470.0,2176249.0,394316487.0,872822.3,716032.7,498588.3,217444.4,102098.718
2019-03-01,1.75,3.53,99.121,1130.72,79.74,1.76,1.789,0.23333333333333334,3.8,405252892.0,4794755.0,3363210.0,2324542.0,394770385.0,873658.8,718745.2,501292.6,217452.5,174457.15
2019-04-01,1.75,3.48,99.481,1140.95,79.63,1.75,1.736,0.6666666666666667,4.0,404029052.0,4794755.0,3184756.0,2513421.0,393536122.0,879825.5,722700.1,504400.6,218299.6,240273.689
2019-05-01,1.75,3.49,99.652,1183.29,79.577,1.75,1.679,1.1,3.8,401972476.0,4794758.0,3178706.0,2503784.0,391495228.0,886478.4,727411.6,507066.4,220345.2,163502.027
2019-06-01,1.75,3.25,99.491,1175.62,79.508,1.76,1.496,0.9,3.8,403071937.0,4794758.0,3462104.0,2487756.0,392327320.0,888266.0,732050.7,510274.6,221776.1,210727.55
2019-07-01,1.5,3.12,99.187,1175.31,79.502,1.63,1.382,0.7,4.0,403112528.0,4794758.0,3388776.0,2670703.0,392258292.0,888840.4,738213.3,514389.0,223824.3,205437.673
2019-08-01,1.5,2.92,99.425,1208.98,79.546,1.51,1.164,0.5,3.5,401483478.0,4794758.0,3377221.0,2663708.0,390647791.0,892295.0,745805.3,519236.6,226568.7,265831.017
2019-09-01,1.5,3.02,99.794,1197.55,79.589,1.52,1.287,0.7666666666666666,3.6,403320096.0,4794758.0,3363661.0,2642780.0,392518896.0,897508.1,750704.1,523288.6,227415.5,184413.363
2019-10-01,1.25,3.01,100.041,1184.13,79.664,1.36,1.357,1.0333333333333332,3.6,406323989.0,4794758.0,3374495.0,2669420.0,395485316.0,907066.4,758262.3,528219.9,230042.3,214518.78
2019-11-01,1.25,2.96,99.481,1167.45,79.776,1.28,1.492,1.3,3.7,407460269.0,4794758.0,3371305.0,2620178.0,396674028.0,913198.3,764609.8,532475.7,232134.1,200948.217
2019-12-01,1.25,2.98,99.719,1175.84,80.054,1.28,1.39,0.43333333333333335,3.7,408816146.0,4794758.0,3352388.0,2792924.0,397876077.0,908705.4,767718.8,533966.4,233752.3,119997.827
2020-01-01,1.25,2.95,100.09,1164.28,80.337,1.27,1.373,-0.43333333333333335,3.8,409652586.0,4794758.0,3335660.0,2778988.0,398743181.0,917408.8,768736.4,535576.6,233159.8,154645.664
2020-02-01,1.25,2.9,100.16,1193.79,80.634,1.24,1.253,-1.3,3.3,409171436.0,4794758.0,3273660.0,2787411.0,398315607.0,922385.4,772063.2,537423.4,234639.8,198467.079
2020-03-01,0.75,2.88,99.94,1220.09,81.084,0.98,1.091,-1.8666666666666667,3.7,400214398.0,4794758.0,3316902.0,2780196.0,389322542.0,943033.6,780604.9,542650.8,237954.0,139360.937
2020-04-01,0.75,2.89,99.5,1225.23,81.27,0.74,1.024,-2.4333333333333336,3.8,403982333.0,4794758.0,3255668.0,3198877.0,392733030.0,970926.1,785729.9,547830.4,237899.5,178225.036
2020-05-01,0.5,2.81,99.44,1228.67,81.382,0.7,0.878,-3.0,4.2,407310604.0,4794758.0,2804285.0,3992437.0,395719124.0,987167.0,789444.8,550427.7,239017.1,163421.076
2020-06-01,0.5,2.67,99.71,1210.01,81.776,0.48,0.85,-1.2333333333333334,4.2,410754278.0,4794758.0,3080112.0,4252223.0,398627184.0,987555.5,794967.3,552884.1,242083.1,207481.183
2020-07-01,0.5,2.62,99.63,1198.9,82.495,0.48,0.826,0.5333333333333332,4.2,416525863.0,4794758.0,3126983.0,4367311.0,404236810.0,995622.5,800828.5,555095.0,245733.5,221219.907
2020-08-01,0.5,2.55,100.19,1186.85,83.137,0.51,0.829,2.3,3.6,418950799.0,4794758.0,3152794.0,4402384.0,406600863.0,1002352.0,811881.2,560484.7,251396.5,164632.152
2020-09-01,0.5,2.59,100.74,1178.8,83.798,0.48,0.908,1.9333333333333331,4.1,420545100.0,4794759.0,3175797.0,4342551.0,408231994.0,1007120.8,820959.0,566533.7,254425.3,214070.643
2020-10-01,0.5,2.64,100.18,1144.68,84.359,0.5,0.91,1.5666666666666664,4.3,426509822.0,4794759.0,3187989.0,4359222.0,414167853.0,1017909.5,830864.1,572652.9,258211.2,162542.216
2020-11-01,0.5,2.72,100.09,1116.76,85.568,0.5,0.965,1.2,4.2,436377224.0,4794759.0,3218912.0,4400283.0,423963271.0,1024927.2,843887.8,578314.4,265573.5,192497.866
2020-12-01,0.5,2.79,100.33,1095.13,86.735,0.51,0.97,1.3666666666666667,4.5,443098121.0,4794759.0,3370821.0,4815308.0,430117234.0,1019547.8,849869.4,583896.8,265972.7,129146.935
2021-01-01,0.5,2.83,101.04,1097.49,87.767,0.49,0.975,1.5333333333333332,5.2,442727709.0,4794759.0,3564365.0,4809959.0,429558627.0,1029519.6,856522.3,587962.3,268560.1,130098.902
2021-02-01,0.5,2.81,101.58,1111.72,88.962,0.49,0.995,1.7,3.9,447557482.0,4794759.0,3585218.0,4811955.0,434365551.0,1038509.2,863052.5,594234.2,268818.4,151886.727
2021-03-01,0.5,2.88,101.84,1131.02,90.135,0.49,1.133,1.4,3.8,446127385.0,4794759.0,3511367.0,4598633.0,433222626.0,1043647.6,868519.9,598923.1,269596.8,164264.15
2021-04-01,0.5,2.91,101.98,1119.4,91.091,0.48,1.138,1.1,3.7,452309658.0,4794759.0,3526972.0,4693696.0,439294230.0,1055143.6,881386.1,599967.5,281418.6,157146.379
2021-05-01,0.5,2.89,102.05,1123.28,91.964,0.48,1.134,0.8,3.7,456458881.0,4794759.0,3544788.0,4638289.0,443481045.0,1060933.0,877599.4,601658.1,275941.3,126684.064
2021-06-01,0.5,2.92,102.05,1121.3,93.169,0.51,1.302,0.6,3.6,454105865.0,4794759.0,3502295.0,4579393.0,441229418.0,1065548.2,880906.2,603710.7,277195.6,134571.971
2021-07-01,0.5,2.98,102.26,1143.98,94.256,0.53,1.419,0.39999999999999997,3.3,458680900.0,4794759.0,3504013.0,4667290.0,445714839.0,1077574.1,889869.0,609098.4,280770.6,126923.656
2021-08-01,0.75,3.1,102.75,1160.34,95.666,0.56,1.411,0.2,3.1,463933550.0,4794759.0,15194045.0,4651269.0,439293477.0,1084843.5,895458.4,614403.3,281055.1,116310.998
2021-09-01,0.75,3.18,103.17,1169.54,97.123,0.77,1.515,0.5666666666666667,3.1,463972259.0,4794759.0,15380214.0,4597487.0,439199800.0,1093338.3,901963.8,620159.7,281804.1,101799.551
2021-10-01,0.75,3.46,103.35,1182.82,98.14,0.75,1.842,0.9333333333333333,3.2,469207742.0,4794759.0,15522271.0,4682297.0,444208416.0,1104468.0,907394.6,625136.6,282258.0,88933.009
2021-11-01,1.0,3.61,103.87,1182.91,99.224,0.8,1.953,1.3,3.2,463907617.0,4794759.0,15350535.0,4630952.0,439131372.0,1114332.0,910489.9,627727.2,282762.7,100265.609
2021-12-01,1.0,3.66,104.04,1183.7,99.72,1.024,1.8,1.0666666666666667,3.8,463118362.0,4794759.0,15369503.0,4634853.0,438319248.0,1113681.8,910104.9,629561.9,280543.0,61663.24
2022-01-01,1.25,3.91,104.69,1194.01,100.0,1.181,2.06,0.8333333333333333,3.6,461526656.0,4794759.0,15288832.0,4606897.0,436836167.0,1126915.0,909297.2,630939.6,278357.6,84985.899
2022-02-01,1.25,3.93,105.3,1198.34,100.207,1.211,2.285,0.6,2.7,461766293.0,4794759.0,15313847.0,4614178.0,437043509.0,1132488.1,908074.0,631589.1,276484.8,80999.086
2022-03-01,1.25,3.98,106.06,1221.03,100.306,1.25,2.369,0.6333333333333333,2.7,457810337.0,4794759.0,15415450.0,4578104.0,433022025.0,1141807.0,905600.2,632170.2,273430.0,107043.939
2022-04-01,1.5,4.05,106.85,1232.34,100.517,1.297,2.941,0.6666666666666666,2.7,449297713.0,4794759.0,14977119.0,4449074.0,425076761.0,1154672.3,906130.3,633523.9,272606.4,101799.544
2022-05-01,1.75,4.14,107.56,1269.88,100.768,1.504,3.019,0.7,2.8,447711119.0,4794759.0,15081254.0,4479955.0,423355152.0,1168754.7,905727.1,633552.2,272174.9,106950.317
2022-06-01,1.75,4.23,108.22,1277.35,100.869,1.751,3.477,,2.9,438278346.0,4794759.0,14567162.0,4424498.0,414491928.0,1175761.6,905484.4,634447.6,271036.8,83324.774
2022-07-01,2.25,4.52,108.74,1307.4,100.869,1.953,3.238,,2.9,438605367.0,4794759.0,14394936.0,4368750.0,415046922.0,1189146.3,904032.0,635231.0,268801.0,74314.605
2022-08-01,,,,,,,,,2.5,436432145.0,4794759.0,14461976.0,4326618.0,412848791.0,,,,,
