통계표,항목명1,항목명2,단위,가중치,변환,1985/01,1985/02,1985/03,1985/04,1985/05,1985/06,1985/07,1985/08,1985/09,1985/10,1985/11,1985/12,1986/01,1986/02,1986/03,1986/04,1986/05,1986/06,1986/07,1986/08,1986/09,1986/10,1986/11,1986/12,1987/01,1987/02,1987/03,1987/04,1987/05,1987/06,1987/07,1987/08,1987/09,1987/10,1987/11,1987/12,1988/01,1988/02,1988/03,1988/04,1988/05,1988/06,1988/07,1988/08,1988/09,1988/10,1988/11,1988/12,1989/01,1989/02,1989/03,1989/04,1989/05,1989/06,1989/07,1989/08,1989/09,1989/10,1989/11,1989/12,1990/01,1990/02,1990/03,1990/04,1990/05,1990/06,1990/07,1990/08,1990/09,1990/10,1990/11,1990/12,1991/01,1991/02,1991/03,1991/04,1991/05,1991/06,1991/07,1991/08,1991/09,1991/10,1991/11,1991/12,1992/01,1992/02,1992/03,1992/04,1992/05,1992/06,1992/07,1992/08,1992/09,1992/10,1992/11,1992/12,1993/01,1993/02,1993/03,1993/04,1993/05,1993/06,1993/07,1993/08,1993/09,1993/10,1993/11,1993/12,1994/01,1994/02,1994/03,1994/04,1994/05,1994/06,1994/07,1994/08,1994/09,1994/10,1994/11,1994/12,1995/01,1995/02,1995/03,1995/04,1995/05,1995/06,1995/07,1995/08,1995/09,1995/10,1995/11,1995/12,1996/01,1996/02,1996/03,1996/04,1996/05,1996/06,1996/07,1996/08,1996/09,1996/10,1996/11,1996/12,1997/01,1997/02,1997/03,1997/04,1997/05,1997/06,1997/07,1997/08,1997/09,1997/10,1997/11,1997/12,1998/01,1998/02,1998/03,1998/04,1998/05,1998/06,1998/07,1998/08,1998/09,1998/10,1998/11,1998/12,1999/01,1999/02,1999/03,1999/04,1999/05,1999/06,1999/07,1999/08,1999/09,1999/10,1999/11,1999/12,2000/01,2000/02,2000/03,2000/04,2000/05,2000/06,2000/07,2000/08,2000/09,2000/10,2000/11,2000/12,2001/01,2001/02,2001/03,2001/04,2001/05,2001/06,2001/07,2001/08,2001/09,2001/10,2001/11,2001/12,2002/01,2002/02,2002/03,2002/04,2002/05,2002/06,2002/07,2002/08,2002/09,2002/10,2002/11,2002/12,2003/01,2003/02,2003/03,2003/04,2003/05,2003/06,2003/07,2003/08,2003/09,2003/10,2003/11,2003/12,2004/01,2004/02,2004/03,2004/04,2004/05,2004/06,2004/07,2004/08,2004/09,2004/10,2004/11,2004/12,2005/01,2005/02,2005/03,2005/04,2005/05,2005/06,2005/07,2005/08,2005/09,2005/10,2005/11,2005/12,2006/01,2006/02,2006/03,2006/04,2006/05,2006/06,2006/07,2006/08,2006/09,2006/10,2006/11,2006/12,2007/01,2007/02,2007/03,2007/04,2007/05,2007/06,2007/07,2007/08,2007/09,2007/10,2007/11,2007/12,2008/01,2008/02,2008/03,2008/04,2008/05,2008/06,2008/07,2008/08,2008/09,2008/10,2008/11,2008/12,2009/01,2009/02,2009/03,2009/04,2009/05,2009/06,2009/07,2009/08,2009/09,2009/10,2009/11,2009/12,2010/01,2010/02,2010/03,2010/04,2010/05,2010/06,2010/07,2010/08,2010/09,2010/10,2010/11,2010/12,2011/01,2011/02,2011/03,2011/04,2011/05,2011/06,2011/07,2011/08,2011/09,2011/10,2011/11,2011/12,2012/01,2012/02,2012/03,2012/04,2012/05,2012/06,2012/07,2012/08,2012/09,2012/10,2012/11,2012/12,2013/01,2013/02,2013/03,2013/04,2013/05,2013/06,2013/07,2013/08,2013/09,2013/10,2013/11,2013/12,2014/01,2014/02,2014/03,2014/04,2014/05,2014/06,2014/07,2014/08,2014/09,2014/10,2014/11,2014/12,2015/01,2015/02,2015/03,2015/04,2015/05,2015/06,2015/07,2015/08,2015/09,2015/10,2015/11,2015/12,2016/01,2016/02,2016/03,2016/04,2016/05,2016/06,2016/07,2016/08,2016/09,2016/10,2016/11,2016/12,2017/01,2017/02,2017/03,2017/04,2017/05,2017/06,2017/07,2017/08,2017/09,2017/10,2017/11,2017/12,2018/01,2018/02,2018/03,2018/04,2018/05,2018/06,2018/07,2018/08,2018/09,2018/10,2018/11,2018/12,2019/01,2019/02,2019/03,2019/04,2019/05,2019/06,2019/07,2019/08,2019/09,2019/10,2019/11,2019/12,2020/01,2020/02,2020/03,2020/04,2020/05,2020/06,2020/07,2020/08,2020/09,2020/10,2020/11,2020/12,2021/01,2021/02,2021/03,2021/04,2021/05,2021/06,2021/07,2021/08,2021/09,2021/10,2021/11,2021/12,2022/01,2022/02,2022/03,2022/04,2022/05,2022/06,2022/07,2022/08,2022/09
"1.3.1. 한국은행 기준금리 및 여수신금리","한국은행 기준금리","","연%","","원자료","","","","","","","","","","","","","","","","","","","","","","","","","","","","","","","","","","","","","","","","","","","","","","","","","","","","","","","","","","","","","","","","","","","","","","","","","","","","","","","","","","","","","","","","","","","","","","","","","","","","","","","","","","","","","","","","","","","","","","","","","","","","","","","","","","","","","","","","","","","","","","","","","","","","","","","","","","","","","","","","","","","","","","","","","","","","","4.75","4.75","4.75","4.75","4.75","4.75","4.75","4.75","4.75","5.00","5.00","5.00","5.00","5.00","5.00","5.00","5.00","5.25","5.25","5.25","5.25","5.00","5.00","5.00","5.00","5.00","4.75","4.50","4.00","4.00","4.00","4.00","4.00","4.00","4.00","4.00","4.25","4.25","4.25","4.25","4.25","4.25","4.25","4.25","4.25","4.25","4.25","4.25","4.00","4.00","3.75","3.75","3.75","3.75","3.75","3.75","3.75","3.75","3.75","3.75","3.75","3.75","3.75","3.50","3.50","3.50","3.25","3.25","3.25","3.25","3.25","3.25","3.25","3.25","3.25","3.25","3.25","3.50","3.50","3.75","3.75","4.00","4.00","4.00","4.00","4.25","4.25","4.50","4.50","4.50","4.50","4.50","4.50","4.50","4.50","4.50","4.50","4.50","4.75","5.00","5.00","5.00","5.00","5.00","5.00","5.00","5.00","5.00","5.00","5.00","5.00","5.25","5.25","4.25","4.00","3.00","2.50","2.00","2.00","2.00","2.00","2.00","2.00","2.00","2.00","2.00","2.00","2.00","2.00","2.00","2.00","2.00","2.00","2.00","2.25","2.25","2.25","2.25","2.50","2.50","2.75","2.75","3.00","3.00","3.00","3.25","3.25","3.25","3.25","3.25","3.25","3.25","3.25","3.25","3.25","3.25","3.25","3.25","3.00","3.00","3.00","2.75","2.75","2.75","2.75","2.75","2.75","2.75","2.50","2.50","2.50","2.50","2.50","2.50","2.50","2.50","2.50","2.50","2.50","2.50","2.50","2.50","2.50","2.25","2.25","2.00","2.00","2.00","2.00","2.00","1.75","1.75","1.75","1.50","1.50","1.50","1.50","1.50","1.50","1.50","1.50","1.50","1.50","1.50","1.50","1.25","1.25","1.25","1.25","1.25","1.25","1.25","1.25","1.25","1.25","1.25","1.25","1.25","1.25","1.25","1.25","1.25","1.50","1.50","1.50","1.50","1.50","1.50","1.50","1.50","1.50","1.50","1.50","1.50","1.75","1.75","1.75","1.75","1.75","1.75","1.75","1.75","1.50","1.50","1.50","1.25","1.25","1.25","1.25","1.25","0.75","0.75","0.50","0.50","0.50","0.50","0.50","0.50","0.50","0.50","0.50","0.50","0.50","0.50","0.50","0.50","0.50","0.75","0.75","0.75","1.00","1.00","1.25","1.25","1.25","1.50","1.75","1.75","2.25","2.50",""
"1.3.3.2.1. 예금은행 대출금리(신규취급액 기준)","    가계대출","","연리% ","","원자료","","","","","","","","","","","","","","","","","","","","","","","","","","","","","","","","","","","","","","","","","","","","","","","","","","","","","","","","","","","","","","","","","","","","","","","","","","","","","","","","","","","","","","","","","","","","","","","","","","","","","","","","","","","","","","","","","","","","","","","","","","","","","","","","","","","","","12.52","12.50","12.46","12.13","12.09","12.17","12.31","12.17","12.22","12.26","12.18","12.05","12.04","12.07","12.03","12.07","12.13","12.21","12.21","12.30","12.42","12.45","12.50","13.22","15.31","15.87","16.24","16.33","16.50","16.45","15.74","14.93","14.72","14.01","13.48","12.93","12.43","11.86","11.68","11.49","11.00","10.46","10.31","10.22","10.21","10.28","10.18","10.08","10.14","10.04","10.05","9.96","9.96","9.87","9.92","9.77","9.76","9.84","9.71","9.48","9.21","9.13","8.84","8.70","8.54","8.57","8.39","8.00","7.55","7.35","7.17","6.93","6.85","6.65","6.69","6.86","6.99","6.98","6.98","6.89","6.82","7.05","7.13","7.12","7.06","6.90","6.96","6.84","6.64","6.47","6.41","6.15","6.04","6.01","6.21","6.31","6.34","6.08","6.11","6.07","6.02","6.00","5.92","5.69","5.66","5.62","5.57","5.48","5.51","5.52","5.60","5.43","5.34","5.28","5.34","5.38","5.50","5.70","5.64","5.63","5.69","5.71","5.68","5.62","5.64","5.72","5.95","6.03","5.90","5.84","5.82","5.97","6.20","6.25","6.32","6.30","6.39","6.33","6.38","6.51","6.66","6.71","6.75","6.99","7.21","6.95","6.89","6.99","6.95","6.93","7.12","7.35","7.45","7.77","7.62","7.01","5.84","5.73","5.62","5.50","5.48","5.47","5.58","5.63","5.96","6.05","6.00","5.95","6.02","5.92","5.80","5.46","5.16","5.15","5.13","5.26","5.22","5.21","5.15","5.08","5.30","5.26","5.41","5.42","5.49","5.47","5.46","5.58","5.66","5.56","5.60","5.37","5.80","5.67","5.62","5.54","5.51","5.38","5.20","4.90","4.86","4.84","4.74","4.54","4.84","4.61","4.55","4.42","4.30","4.11","4.31","4.33","4.26","4.21","4.19","4.10","4.15","4.05","4.09","4.04","4.02","3.94","3.93","3.76","3.76","3.64","3.55","3.55","3.59","3.48","3.21","2.96","3.27","3.22","3.17","3.13","3.11","3.06","3.16","3.23","3.28","3.21","3.24","3.17","3.16","3.06","2.96","2.95","3.03","3.08","3.20","3.29","3.39","3.38","3.43","3.41","3.47","3.41","3.46","3.39","3.41","3.51","3.59","3.61","3.71","3.65","3.69","3.69","3.75","3.72","3.73","3.66","3.62","3.64","3.63","3.61","3.58","3.50","3.53","3.48","3.49","3.25","3.12","2.92","3.02","3.01","2.96","2.98","2.95","2.90","2.88","2.89","2.81","2.67","2.62","2.55","2.59","2.64","2.72","2.79","2.83","2.81","2.88","2.91","2.89","2.92","2.98","3.10","3.18","3.46","3.61","3.66","3.91","3.93","3.98","4.05","4.14","4.23","4.52","",""
"3.5. 외환보유액","  외환","","천달러 ","","원자료","6,685,546","6,843,700","6,659,195","6,601,523","6,541,708","6,612,691","6,646,747","6,760,494","7,126,629","7,535,670","7,684,798","7,677,109","6,994,291","7,191,960","7,321,790","7,359,150","7,308,957","7,485,532","8,096,686","8,021,479","8,102,724","7,982,941","8,009,918","7,905,058","8,300,473","8,360,079","7,845,925","7,912,637","7,941,957","8,028,218","8,195,632","8,081,344","8,464,787","8,477,982","9,434,201","9,144,023","4,639,135","5,622,375","6,942,378","7,622,063","8,218,683","8,969,919","9,546,736","10,678,072","11,720,520","12,644,429","13,735,965","12,340,016","13,366,476","13,458,710","14,086,873","14,878,492","15,694,704","15,638,771","16,902,149","16,491,763","16,912,793","17,261,259","17,135,806","14,977,832","13,653,871","13,433,768","13,586,715","14,153,114","14,544,434","14,342,399","15,289,121","15,510,380","15,568,050","15,809,794","15,801,444","14,459,147","13,606,743","13,715,570","12,611,764","12,837,710","13,233,850","13,019,702","13,337,723","12,974,088","13,475,665","13,179,306","13,196,663","13,306,008","13,606,744","14,105,214","14,053,625","14,656,264","14,912,639","14,130,807","14,804,937","15,568,390","14,983,030","15,281,382","16,388,679","16,639,926","17,336,507","17,558,907","18,150,669","18,667,651","18,617,324","18,363,423","18,246,395","18,394,226","19,150,910","19,455,173","20,910,256","19,704,200","19,975,629","20,179,177","20,178,054","20,399,986","20,803,922","21,120,236","20,950,183","21,428,100","21,779,400","23,088,000","23,403,200","25,032,000","25,634,400","25,752,333","25,878,700","26,551,800","27,068,000","27,613,600","30,184,800","30,409,400","30,414,100","31,379,100","32,433,700","31,928,200","32,496,360","34,298,826","32,634,334","35,115,676","35,425,005","35,747,700","34,238,471","32,721,123","32,005,973","31,393,112","31,475,538","32,401,948","30,154,281","28,964,295","28,365,049","29,060,097","31,109,030","32,524,661","32,901,472","30,370,270","29,654,047","29,728,008","23,627,989","19,710,347","22,778,176","26,670,464","29,676,570","35,471,699","38,292,151","40,764,004","42,885,396","44,684,197","46,904,052","48,760,364","49,931,276","51,962,972","53,242,158","55,092,075","57,088,410","58,902,265","61,051,324","61,629,871","64,581,447","64,416,959","65,110,692","65,844,438","69,323,634","73,700,287","76,580,519","79,379,080","83,299,048","84,196,399","86,471,266","89,828,329","89,928,576","91,088,486","92,189,572","92,278,804","93,004,700","95,855,137","95,077,231","94,992,054","94,108,714","93,093,718","93,292,530","93,910,933","96,711,906","98,686,163","99,743,733","100,136,002","101,316,825","102,487,506","103,970,913","104,760,586","105,758,982","107,292,208","109,261,051","111,933,751","114,991,164","116,017,552","116,104,883","116,409,399","117,741,771","120,811,409","122,294,363","123,376,939","123,217,332","122,969,827","127,673,540","130,885,557","132,132,188","135,429,908","140,751,774","142,524,138","149,540,745","154,508,796","156,601,527","162,160,352","162,712,852","162,808,907","165,700,235","166,187,956","167,170,213","169,651,697","173,602,250","177,529,184","191,720,022","198,175,363","198,821,628","201,264,108","204,625,771","205,552,480","205,286,951","204,194,844","204,901,826","205,970,674","205,993,844","206,569,201","207,579,074","209,967,669","216,506,326","215,540,201","216,936,352","222,499,561","224,291,248","223,957,095","225,312,891","226,618,548","227,819,163","228,605,627","233,687,776","238,387,872","239,709,073","242,284,509","243,385,578","246,781,374","250,263,518","250,223,420","254,394,044","254,854,592","256,848,265","259,689,586","261,471,939","261,770,734","261,421,271","261,919,949","263,778,314","260,020,096","257,672,177","257,584,214","247,011,423","242,700,146","239,175,849","211,782,682","199,785,511","200,479,128","201,019,851","200,826,035","205,624,409","211,758,382","225,776,925","230,733,885","236,508,472","240,914,493","249,409,304","259,320,280","265,954,732","265,202,306","268,917,449","265,865,270","267,567,135","274,143,774","265,595,927","269,823,186","281,425,964","280,857,511","285,152,504","288,674,448","285,668,556","286,926,356","291,028,707","292,722,582","293,641,562","302,098,558","299,530,652","298,902,963","303,942,058","305,079,571","296,321,672","303,804,804","300,768,346","298,232,927","303,104,309","307,475,369","307,578,126","308,446,159","302,690,061","304,200,221","305,367,829","307,524,888","312,674,707","314,254,696","316,030,658","316,897,731","318,870,415","316,429,576","316,534,552","317,897,005","317,380,247","315,600,728","318,890,987","320,268,934","326,108,224","332,411,299","334,262,159","335,647,450","337,588,725","341,001,159","343,612,737","345,021,964","350,184,986","355,764,147","357,302,467","356,905,661","353,970,030","353,363,934","352,801,605","353,600,472","352,337,447","352,502,108","353,332,770","360,481,327","362,109,803","364,976,561","361,136,634","358,156,216","358,418,535","359,937,704","358,868,773","358,513,845","357,860,408","356,745,942","360,825,491","363,450,086","361,728,534","360,752,001","362,248,177","366,306,387","368,589,918","366,069,533","362,543,891","361,701,404","364,576,158","364,453,419","365,826,297","367,083,534","368,925,892","371,026,348","373,938,120","374,970,930","374,836,165","374,692,523","377,544,543","379,476,576","385,895,553","384,951,294","386,902,803","388,627,503","389,269,623","390,334,499","392,182,545","390,894,325","392,778,804","392,490,527","392,777,742","393,332,482","395,148,850","394,316,487","394,770,385","393,536,122","391,495,228","392,327,320","392,258,292","390,647,791","392,518,896","395,485,316","396,674,028","397,876,077","398,743,181","398,315,607","389,322,542","392,733,030","395,719,124","398,627,184","404,236,810","406,600,863","408,231,994","414,167,853","423,963,271","430,117,234","429,558,627","434,365,551","433,222,626","439,294,230","443,481,045","441,229,418","445,714,839","439,293,477","439,199,800","444,208,416","439,131,372","438,319,248","436,836,167","437,043,509","433,022,025","425,076,761","423,355,152","414,491,928","415,046,922","412,848,791",""
"4.1.1.2. 생산자물가지수(특수분류)","  식료품에너지이외","","2015=100","858.2","원자료","","","","","","","","","","","","","","","","","","","","","","","","","","","","","","","","","","","","","","","","","","","","","","","","","","","","","","","","","","","","","","","","","","","","","","","","","","","","","","","","","","","","","","","","","","","","","","","","","","","","","","","","","","","","","","","","","","","","","","","","","","","","","","","","","","","","","","","","","","","","","","","","","","","","","","","","","","","","","","","","","","","","","","","","","","","","","","","","","","","","","84.70","84.52","84.43","84.17","83.90","83.81","83.81","83.81","83.72","83.45","83.36","83.54","83.72","83.54","83.45","83.28","83.19","82.74","82.47","82.11","82.02","81.75","81.58","81.13","81.31","81.75","82.11","82.74","82.74","82.38","82.02","82.11","82.11","82.29","82.11","82.11","82.47","82.92","83.54","83.72","83.01","82.92","82.74","82.92","83.10","83.19","83.54","83.99","84.96","86.04","86.84","87.38","87.74","87.74","87.92","88.36","88.89","89.34","89.43","88.98","89.43","89.43","89.52","89.52","88.89","88.62","88.80","88.98","89.25","89.70","89.61","89.25","89.07","89.07","88.89","88.98","89.43","89.34","89.43","89.79","90.05","89.79","89.52","89.25","89.16","89.07","89.43","90.05","90.50","90.68","90.68","90.59","90.59","90.86","90.95","91.04","91.57","92.47","93.62","95.59","97.28","98.53","100.50","100.41","100.32","100.32","98.09","96.66","96.31","97.02","97.28","97.11","96.40","96.13","96.66","97.19","97.55","97.11","97.11","97.46","97.54","97.70","97.90","98.53","99.61","99.96","100.19","100.32","100.61","101.03","101.58","102.24","103.35","104.24","105.29","106.10","106.64","106.42","106.19","106.07","106.41","106.17","105.66","105.50","106.01","106.61","106.89","106.99","106.53","105.40","104.96","105.14","105.34","104.80","104.29","103.96","103.96","104.41","104.11","103.83","103.63","103.61","103.46","103.65","103.57","103.49","103.21","103.26","103.37","103.38","103.30","103.20","103.33","103.35","103.49","103.46","103.16","102.65","102.35","101.53","100.81","100.66","100.76","100.77","100.81","100.77","100.43","99.93","99.50","98.87","98.44","98.27","98.02","97.95","97.98","98.17","98.43","98.59","98.62","98.56","98.58","98.88","99.35","100.20","101.43","101.84","101.79","101.55","101.24","100.91","100.92","101.20","101.87","102.34","102.30","102.27","102.62","102.91","102.97","103.00","103.22","103.33","103.60","103.75","103.84","103.82","103.35","102.96","102.96","103.16","103.33","103.50","103.66","103.46","103.50","103.58","103.49","103.42","103.24","103.36","103.63","103.59","102.93","102.42","102.44","102.79","103.12","103.37","103.44","103.53","103.66","104.23","105.15","105.80","106.79","108.12","108.82","109.32","110.32","110.87","111.20","112.17","112.67","112.65","113.56","114.13","115.44","116.63","117.28","117.53","117.56","117.20",""
"4.1.1.1. 생산자물가지수(기본분류)","총지수","","2015=100","1000.0","원자료","51.94","51.89","51.68","51.94","51.89","51.89","51.94","51.94","52.10","52.15","51.84","52.10","52.20","51.84","51.37","51.11","51.17","51.01","51.06","51.06","51.20","50.74","50.69","50.74","50.79","50.90","51.06","51.46","51.68","51.26","51.26","51.52","51.78","51.68","51.46","52.10","52.41","52.71","52.61","52.45","52.67","52.71","52.93","53.19","53.03","52.71","53.03","53.30","53.19","53.30","53.30","53.49","53.70","53.70","53.34","53.55","53.86","53.96","53.81","53.86","54.48","54.55","54.79","55.11","55.49","55.65","55.57","55.81","56.52","57.06","57.14","57.77","58.09","58.32","58.40","58.40","58.32","58.32","58.24","58.56","58.63","58.70","58.70","58.87","59.10","59.18","59.42","59.49","59.65","59.88","60.28","60.28","60.04","59.88","59.73","59.81","60.04","60.04","60.44","60.60","60.68","60.74","60.68","60.82","60.98","60.82","60.82","60.98","61.61","61.76","61.69","61.76","61.69","61.93","62.16","62.79","62.79","62.94","62.94","63.33","63.99","64.23","64.70","65.09","65.30","65.36","65.48","65.49","65.92","65.63","65.42","65.68","66.51","66.74","66.57","66.88","66.92","67.13","67.62","67.69","67.83","67.86","67.88","68.06","68.87","69.15","69.10","69.29","69.37","69.44","69.44","69.58","69.79","69.65","70.02","74.58","77.75","79.72","79.55","79.62","78.76","78.68","78.29","77.73","77.79","77.82","77.69","77.26","76.42","76.25","76.11","76.32","76.64","76.15","76.03","76.52","76.89","77.69","78.15","77.96","78.77","78.57","78.52","78.14","77.95","78.14","78.22","78.22","78.48","78.40","78.36","78.46","78.68","78.52","78.70","78.65","78.58","78.26","78.21","77.83","77.62","77.25","76.94","76.47","76.65","77.04","77.44","78.04","78.37","77.87","77.65","77.75","77.91","78.01","78.17","78.18","78.77","79.19","79.96","79.56","79.12","78.74","78.88","79.17","79.50","79.73","80.10","80.62","81.72","82.74","83.54","83.94","84.14","84.06","84.40","85.14","85.49","85.53","85.59","84.96","85.78","85.95","86.03","86.27","85.71","85.32","85.84","86.08","86.46","86.69","86.44","86.19","86.49","86.53","86.42","86.58","86.88","86.72","86.99","87.55","87.84","87.03","86.61","86.53","86.54","86.59","86.96","87.57","88.06","88.24","88.35","88.30","88.72","88.90","89.27","89.63","90.13","90.97","92.15","94.11","96.00","97.54","99.44","99.16","98.75","98.49","96.20","94.58","94.31","94.95","95.40","95.51","94.78","94.53","95.61","96.16","96.25","95.48","95.81","96.29","96.71","96.88","97.33","98.04","98.87","98.98","99.23","99.53","100.10","100.47","100.82","101.75","103.32","104.09","105.34","105.99","106.31","106.07","106.21","106.35","106.43","106.33","105.99","106.09","106.64","107.37","107.90","107.95","107.35","106.05","105.58","106.23","106.61","105.78","105.05","104.79","104.96","105.68","105.26","104.93","104.57","104.55","104.53","104.82","104.71","104.34","104.13","104.37","104.65","104.78","104.74","104.58","104.56","104.61","104.69","104.58","104.20","103.47","103.15","102.14","100.89","100.96","100.84","100.80","100.87","100.82","100.45","99.83","99.39","98.71","98.32","98.09","97.56","97.56","97.50","97.74","97.86","98.09","97.98","98.07","98.30","98.59","99.03","99.90","101.35","101.74","101.70","101.48","101.21","100.81","100.89","101.35","102.03","102.14","102.04","102.09","102.52","102.95","102.91","103.04","103.34","103.37","103.85","104.32","104.62","104.26","103.53","103.03","102.92","103.02","103.38","103.68","103.79","103.50","103.50","103.74","103.80","103.56","103.41","103.70","104.08","103.74","102.82","101.93","101.96","102.48","102.71","103.22","103.42","103.01","103.09","103.90","105.05","105.91","107.04","108.06","108.65","109.22","110.28","110.86","111.27","112.43","113.23","113.21","114.40","114.95","116.70","118.59","119.43","120.10","120.44","120.12",""
"4.1.2. 국내공급물가지수","  원재료","","2015=100","88.266","원자료","26.06","26.10","26.24","26.52","26.85","26.80","26.88","26.88","26.75","26.80","27.07","27.25","26.97","25.56","22.89","21.60","21.55","21.18","20.13","18.97","20.08","20.50","20.77","20.92","21.23","22.33","22.25","22.28","22.52","22.25","22.28","22.25","22.79","23.07","23.07","22.75","22.94","22.56","22.20","21.74","21.97","22.38","22.28","21.60","21.41","20.73","20.13","20.45","20.82","21.32","21.60","21.93","22.06","21.83","21.69","21.55","21.51","21.55","21.78","21.88","22.25","22.70","23.26","23.43","23.26","23.03","22.89","23.81","23.07","25.19","26.47","28.45","28.31","26.88","25.37","23.81","23.81","23.71","24.18","23.94","24.27","24.31","24.50","25.05","25.42","24.67","24.41","24.67","24.72","25.19","25.68","26.88","26.52","26.38","26.24","25.28","25.28","25.68","25.37","26.75","26.85","26.88","26.57","26.20","25.65","25.87","25.51","25.28","25.14","24.91","25.42","25.61","25.73","25.87","26.43","27.07","27.39","27.34","27.21","27.39","28.10","28.25","28.60","28.54","28.97","28.89","28.25","27.74","28.10","27.96","27.45","27.82","28.97","29.11","28.97","29.40","29.54","29.54","30.04","30.69","31.18","31.98","32.47","32.47","32.98","33.70","32.47","32.70","31.98","32.47","31.98","31.90","32.12","32.47","34.48","43.87","51.91","47.60","45.02","40.51","39.22","39.87","38.21","36.49","37.43","37.72","37.29","35.13","32.91","32.91","33.70","34.34","36.06","36.92","36.28","38.71","40.08","42.30","42.95","42.15","43.95","44.73","44.59","41.80","44.88","46.68","45.53","46.31","48.97","49.26","49.75","45.02","46.60","47.32","47.68","49.96","50.76","50.47","48.67","48.67","47.46","44.16","41.15","41.51","43.09","43.87","48.18","50.33","49.26","47.17","46.39","47.46","49.61","50.25","46.68","49.10","51.11","53.48","52.69","48.46","47.97","48.83","49.61","50.68","48.46","50.76","52.40","53.55","55.27","55.78","58.22","58.22","62.09","60.51","62.65","66.32","63.74","66.24","61.44","58.28","60.80","62.30","66.46","69.68","67.82","71.77","74.91","77.72","79.29","78.00","75.56","76.20","78.00","76.92","77.72","81.23","82.88","83.74","86.10","87.47","81.16","78.29","77.51","78.00","73.78","75.77","79.07","82.02","82.74","83.81","85.89","86.04","90.63","92.77","99.44","101.09","104.82","108.47","118.37","125.18","144.82","152.99","155.29","143.03","139.01","132.84","114.43","102.67","103.10","104.39","108.04","101.52","102.38","112.28","109.76","114.99","111.20","112.85","117.65","117.36","116.80","117.43","121.54","123.19","124.34","127.00","128.84","127.56","128.29","129.62","132.85","139.26","140.59","147.25","156.78","159.84","154.72","159.95","158.93","158.50","165.17","168.40","167.47","166.63","169.81","171.08","175.02","172.97","167.63","157.99","158.56","163.59","163.58","157.46","153.68","149.68","148.27","152.90","157.22","155.20","151.85","153.75","152.19","152.05","151.93","149.65","146.72","145.72","148.87","147.45","148.55","144.46","141.75","141.78","143.31","141.60","139.01","137.91","133.52","126.19","112.61","101.89","106.43","102.86","101.36","104.11","104.43","101.04","95.13","90.89","90.76","88.50","84.15","77.44","77.38","80.12","82.64","85.04","84.82","82.41","84.55","86.19","95.72","96.16","104.87","104.91","105.77","103.04","105.10","104.29","100.85","100.57","103.47","104.72","103.81","106.70","107.04","113.52","111.31","111.43","115.99","121.21","125.08","125.23","125.00","127.82","129.04","119.64","114.20","114.06","118.25","119.92","125.54","123.90","117.77","122.08","120.24","118.05","115.15","116.23","117.94","119.55","113.53","96.95","85.50","90.65","96.47","96.11","96.67","91.90","91.36","94.68","102.60","108.91","116.97","119.26","119.92","125.46","135.75","140.05","140.43","146.00","155.28","155.24","149.51","158.86","171.52","189.87","192.75","200.87","209.88","197.64",""
"4.2.2. 소비자물가지수(특수분류)","총지수","","2020=100","1000","원자료","29.052","29.259","29.289","29.319","29.526","29.555","29.555","29.614","29.939","30.028","29.674","29.85","30.117","30.293","30.353","30.323","30.501","30.442","30.471","30.442","30.619","30.323","30.265","30.265","30.382","30.442","30.677","30.855","31.327","31.299","31.209","31.653","31.86","31.89","31.831","32.096","32.273","32.805","33.279","33.221","33.396","33.604","33.663","33.84","33.929","33.84","34.107","34.402","34.46","34.579","34.816","34.963","35.407","35.466","35.436","35.703","36.028","36.116","36.175","36.146","36.982","37.213","37.598","38.022","38.445","38.636","38.752","38.907","39.138","39.253","39.292","39.521","40.368","40.907","41.408","41.6","41.715","41.984","42.254","42.6","42.832","42.909","43.1","43.177","43.486","43.755","44.217","44.486","44.756","44.834","45.025","45.102","45.256","45.217","44.986","45.102","45.448","45.756","46.333","46.603","46.757","46.988","46.95","47.104","47.334","47.526","47.449","47.718","48.335","48.873","49.296","49.373","49.412","49.758","50.182","50.567","50.412","50.259","50.336","50.375","50.847","51.055","51.574","51.886","51.99","51.835","51.99","52.302","52.77","52.511","52.406","52.77","53.289","53.499","53.862","54.226","54.538","54.538","54.798","55.057","55.162","55.162","55.162","55.369","55.786","56.097","56.305","56.565","56.617","56.721","56.825","57.24","57.502","57.502","57.553","59.009","60.413","61.453","61.349","61.557","61.245","60.985","60.985","61.192","61.453","61.66","61.453","61.349","61.297","61.557","61.66","61.816","61.712","61.349","61.14","61.765","61.921","62.389","62.284","62.18","62.456","62.647","62.962","62.709","62.393","62.709","62.962","63.277","64.098","64.035","63.656","63.908","64.604","64.919","65.488","65.74","65.677","65.866","65.992","66.245","66.182","66.182","65.804","65.93","66.308","66.624","67.003","67.382","67.634","67.571","67.382","67.824","68.204","68.013","68.077","68.391","68.835","69.213","70.034","69.908","69.782","69.592","69.53","69.845","70.477","70.539","70.413","70.73","71.172","71.487","72.181","72.181","72.119","72.119","72.561","73.191","73.191","73.191","72.75","72.877","73.594","73.892","74.338","74.413","74.338","74.114","74.413","74.636","75.008","74.859","74.561","74.785","75.231","75.381","75.827","75.902","76.05","75.902","76.199","76.645","76.868","76.496","76.125","76.348","76.496","77.017","77.464","77.761","77.836","77.836","78.134","78.208","78.655","78.803","78.803","79.101","79.472","79.771","80.515","80.962","81.63","82.151","82.747","82.598","82.673","82.598","82.375","82.375","82.45","83.045","83.64","83.862","83.862","83.788","84.086","84.384","84.459","84.235","84.384","84.682","85.351","85.523","85.696","86.041","86.128","86.041","86.214","86.647","87.337","87.337","86.906","87.251","88.288","88.892","89.238","89.325","89.497","89.67","90.102","90.707","90.62","90.448","90.534","90.879","91.242","91.588","91.614","91.605","91.769","91.639","91.432","91.855","92.512","92.339","92.011","92.175","92.728","93.038","92.952","92.823","92.823","92.71","92.909","93.238","93.419","93.134","93.116","93.229","93.73","93.98","94.153","94.214","94.369","94.248","94.386","94.551","94.49","94.205","94.015","94.006","94.643","94.587","94.596","94.625","94.89","94.909","95.08","95.213","94.966","94.966","94.786","95.07","95.232","95.64","95.393","95.573","95.63","95.611","95.431","95.677","96.247","96.379","96.237","96.342","97.366","97.632","97.565","97.442","97.546","97.338","97.499","98.058","98.172","98.077","97.347","97.698","98.106","98.855","98.751","98.931","98.979","98.779","98.59","99.462","100.221","100.041","99.33","98.988","98.884","99.311","99.121","99.481","99.652","99.491","99.187","99.425","99.794","100.041","99.481","99.719","100.09","100.16","99.94","99.5","99.44","99.71","99.63","100.19","100.74","100.18","100.09","100.33","101.04","101.58","101.84","101.98","102.05","102.05","102.26","102.75","103.17","103.35","103.87","104.04","104.69","105.3","106.06","106.85","107.56","108.22","108.74","108.62",""
"4.2.2. 소비자물가지수(특수분류)","식료품 및 에너지제외 지수 3)","","2020=100","776.5","원자료","","","","","","","","","","","","","","","","","","","","","","","","","","","","","","","","","","","","","","","","","","","","","","","","","","","","","","","","","","","","","40.228","40.456","41.021","41.303","41.644","41.926","42.04","42.152","42.209","42.378","42.605","42.719","43.624","44.077","44.642","44.869","45.152","45.49","45.83","45.944","46.057","46.283","46.566","46.679","46.963","47.302","48.037","48.208","48.433","48.489","48.546","48.546","48.659","48.829","48.942","49.055","49.396","49.847","50.583","50.809","50.978","51.092","51.149","51.206","51.206","51.433","51.433","51.545","52.11","52.62","53.185","53.355","53.582","53.977","54.148","54.317","54.26","54.317","54.488","54.545","55.109","55.222","55.789","56.24","56.467","56.524","56.807","57.089","57.259","57.316","57.485","57.77","58.165","58.334","58.958","59.183","59.352","59.465","59.579","59.862","59.976","60.089","60.089","60.145","60.371","60.597","60.994","61.164","61.333","61.446","61.559","61.786","62.013","62.125","62.183","62.465","63.596","64.219","64.728","64.841","64.728","64.614","64.614","64.445","64.445","64.445","64.389","64.277","64.277","64.333","64.445","64.389","64.333","64.277","64.219","64.219","64.219","64.333","64.333","64.333","64.697","64.828","65.286","65.352","65.156","65.221","65.483","65.613","65.94","66.006","66.006","66.202","66.792","67.054","67.512","67.709","67.839","67.906","67.839","67.971","68.102","68.102","68.166","68.363","68.626","68.822","69.411","69.739","69.87","69.87","69.936","70.066","70.263","70.46","70.59","70.787","71.049","71.245","71.965","72.162","72.227","72.293","72.227","72.293","72.489","72.489","72.424","72.817","73.014","73.079","73.668","73.734","73.799","73.864","74.126","74.192","74.192","74.192","74.126","74.389","74.979","75.129","75.507","75.584","75.584","75.584","75.584","75.735","75.735","75.735","75.811","75.961","76.112","76.339","76.867","76.943","77.171","77.094","77.246","77.246","77.398","77.398","77.549","77.625","77.851","78.229","78.834","78.985","79.06","79.06","79.212","79.287","79.287","79.439","79.513","79.664","80.043","80.345","81.252","81.403","81.705","81.856","82.235","82.235","82.537","82.613","82.915","83.217","83.217","83.596","83.973","83.897","84.2","84.351","84.427","84.502","84.653","84.653","84.879","85.031","85.242","85.414","85.414","85.5","85.672","85.757","85.93","86.102","86.187","86.187","86.187","86.445","86.874","87.217","87.475","87.646","87.99","88.161","88.333","88.505","88.419","88.419","88.59","88.762","88.968","89.312","89.046","89.02","89.286","89.381","89.389","89.535","89.621","89.664","89.801","89.938","90.299","90.531","90.402","90.342","90.685","90.737","90.754","90.711","90.986","91.089","91.32","91.381","91.638","91.793","91.972","92.102","92.325","92.291","92.462","92.591","92.506","92.557","92.54","92.66","93.882","93.995","94.137","94.194","94.383","94.345","94.78","94.969","94.752","94.846","94.903","95.111","95.555","95.782","95.905","96.075","96.302","96.321","96.529","96.708","96.642","96.604","96.51","96.633","97.228","97.483","97.502","97.597","97.786","97.729","97.984","98.126","97.965","98.145","97.805","97.965","98.192","98.608","98.807","98.996","99.137","98.958","98.967","99.137","99.062","99.137","99.015","98.996","99.223","99.695","99.544","99.695","99.705","99.638","99.837","99.969","99.534","99.761","99.534","99.62","99.84","100.07","99.75","99.79","99.93","100.02","100.17","100.36","100.16","99.5","100.16","100.26","100.56","100.7","100.82","101.01","101.12","101.14","101.45","101.7","101.58","101.83","102.06","102.51","103.16","103.59","103.72","104.11","104.6","105.04","105.43","105.76",""
"4.2.2. 소비자물가지수(특수분류)","생활물가지수 4)","","2020=100","529.4","원자료","","","","","","","","","","","","","","","","","","","","","","","","","","","","","","","","","","","","","","","","","","","","","","","","","","","","","","","","","","","","","","","","","","","","","","","","","","","","","","","","","","","","","","","","","","","","","","","","","","","","","","","","","","","","","","","","","","","","","","","","","44.948","45.224","45.776","46.099","46.145","45.823","45.823","46.145","46.835","46.466","46.19","46.603","47.294","47.571","47.664","48.168","48.629","48.582","49.18","49.41","49.549","49.549","49.594","49.87","50.423","50.792","50.928","51.205","51.159","51.252","51.344","51.941","52.309","52.263","52.448","54.702","56.588","57.968","57.416","57.692","57.232","56.818","56.863","57.323","57.738","58.197","57.921","57.83","57.83","58.197","58.473","58.797","58.704","58.197","57.921","58.935","59.257","60.038","59.854","59.625","59.934","60.237","60.787","60.422","59.751","60.177","60.604","61.152","62.433","62.372","61.702","62.128","62.86","63.165","63.957","64.262","64.019","64.323","64.445","64.81","64.568","64.628","63.957","64.019","64.384","64.689","65.237","65.665","66.03","65.786","65.359","65.97","66.518","66.03","66.03","66.397","66.945","67.433","68.835","68.469","68.104","67.798","67.798","68.287","69.018","69.202","68.835","69.202","69.81","70.299","71.456","71.273","71.213","71.152","71.762","72.859","72.981","73.042","72.31","72.31","73.343","73.716","74.537","74.612","74.462","74.164","74.612","74.911","75.507","75.432","74.836","75.135","75.805","76.029","76.627","76.776","76.776","76.701","77","77.745","78.119","77.447","76.776","77.074","77.224","77.82","78.566","79.014","79.163","79.163","79.536","79.61","80.208","80.506","80.506","80.805","81.178","81.401","82.446","83.043","83.864","84.684","85.207","84.833","84.609","84.386","83.715","83.267","83.416","84.088","84.983","85.505","85.357","85.132","85.505","85.953","86.028","85.654","85.654","86.028","86.914","87.266","87.531","87.972","87.972","87.619","87.795","88.324","89.382","89.382","88.588","89.029","90.44","91.321","91.674","91.585","91.497","91.585","92.115","92.907","92.819","92.555","92.555","92.907","93.251","93.648","93.621","93.481","93.525","93.26","92.829","93.481","94.45","94.107","93.489","93.604","94.31","94.75","94.521","94.327","94.001","93.771","93.851","94.485","94.653","94.142","93.939","94.107","94.856","95.147","95.297","95.279","95.279","95.102","95.12","95.217","95.261","94.803","94.583","94.433","94.605","94.586","94.699","94.605","94.832","94.993","94.984","95.079","94.984","94.927","94.69","94.908","95.003","95.534","95.192","95.211","95.174","95.287","94.68","94.889","95.951","96.292","96.245","96.074","97.516","97.923","97.914","97.535","97.582","97.468","97.487","98.255","98.606","98.246","97.468","97.629","98.227","99.185","98.995","98.995","99.033","98.938","98.559","99.725","101.043","100.759","99.716","98.919","98.644","99.194","99.042","99.384","99.839","99.744","98.995","99.308","100.104","100.474","99.915","100.047","100.36","100.43","100.38","99.57","99.34","99.8","99.31","100.01","101.09","99.79","99.87","100.05","101.2","102.11","102.53","102.65","102.67","102.8","102.77","103.33","104.23","104.42","105.08","104.68","105.33","106.32","107.62","108.49","109.54","110.42","110.91","110.35",""
"4.3.1.2. 수출물가지수(특수분류)","총지수","계약통화기준","2015=100","1000.0","원자료","127.37","126.79","126.42","126.65","126.04","125.73","125.18","124.59","124.39","124.35","123.64","123.87","124.71","124.95","124.57","123.87","124.67","124.45","124.60","124.81","124.77","125.68","126.01","126.16","128.52","129.96","130.73","131.89","133.59","135.19","136.39","136.77","138.27","140.30","141.09","141.85","144.36","145.27","148.22","149.92","151.77","153.78","155.66","157.54","158.75","159.07","159.68","160.38","162.39","162.44","162.67","163.54","164.67","164.74","165.77","165.82","165.35","165.03","164.59","164.79","166.77","166.44","166.03","166.04","166.45","166.15","165.77","165.71","165.79","165.27","164.73","164.64","166.40","166.93","167.25","167.01","167.14","167.48","167.63","167.70","168.12","168.44","168.36","168.03","167.68","167.00","166.68","166.82","166.42","166.78","166.66","166.89","166.74","166.60","166.11","165.97","165.57","164.97","164.11","163.80","164.19","164.18","164.28","163.95","163.32","163.78","163.29","163.17","162.99","163.33","164.11","165.12","166.11","166.17","167.07","167.71","168.18","169.47","169.97","170.75","172.19","172.93","174.18","176.51","177.57","177.36","176.63","176.05","175.08","174.68","174.29","174.18","173.05","171.86","170.12","167.77","163.32","160.60","158.84","157.51","156.80","157.48","156.79","156.00","154.41","154.35","154.37","154.05","153.54","152.95","151.19","149.98","149.01","148.51","147.32","144.77","141.31","138.79","136.53","135.37","133.60","131.29","129.53","128.28","127.70","127.81","126.75","125.75","125.32","124.73","124.23","124.78","124.95","124.19","124.62","125.85","127.25","129.72","129.69","129.27","133.88","131.28","130.26","129.79","130.16","131.75","133.91","135.43","134.82","130.53","125.18","121.98","120.26","118.73","116.69","115.43","113.97","111.59","108.57","107.63","107.32","105.00","103.19","102.10","102.94","104.64","107.31","107.60","106.92","105.50","106.40","106.75","107.09","106.42","105.83","106.75","108.46","109.96","108.98","105.75","105.14","105.55","106.37","107.46","107.05","107.75","108.74","109.79","112.25","113.15","113.65","115.24","116.47","116.26","117.83","120.62","121.77","123.90","123.49","120.48","125.97","126.42","126.46","125.40","122.78","122.63","122.57","122.84","123.04","122.15","119.94","119.38","120.40","120.26","119.57","120.45","121.06","121.30","121.92","122.88","123.02","121.70","120.80","120.53","118.88","118.20","118.21","119.93","120.59","120.85","121.96","121.33","121.44","122.01","123.63","122.69","123.04","124.13","126.44","128.61","131.67","134.33","135.67","131.53","127.28","117.51","108.80","104.34","102.96","102.23","101.70","103.88","105.25","106.73","107.16","109.47","108.77","109.10","110.30","111.28","113.45","113.33","114.82","117.36","116.08","114.83","114.09","113.37","113.54","113.82","114.28","115.78","116.37","118.81","121.77","123.82","121.99","120.81","120.84","120.06","118.84","116.51","115.82","114.42","115.69","117.46","118.15","117.61","114.86","112.27","112.98","114.04","114.69","114.05","112.99","113.25","114.53","115.16","114.11","112.89","113.12","113.37","113.25","113.37","113.60","113.45","113.11","113.43","112.80","112.81","112.31","112.01","112.27","112.83","113.13","112.90","112.11","110.29","108.53","105.15","102.28","102.89","102.78","103.02","103.71","103.06","100.95","98.55","97.25","96.44","95.32","93.75","91.86","91.26","92.22","92.44","92.77","92.95","93.05","93.83","94.92","96.76","97.56","99.12","100.04","101.87","101.37","102.17","101.52","100.78","101.47","102.24","103.28","103.93","104.67","104.79","106.11","106.02","105.22","105.86","107.13","106.49","106.41","106.62","106.90","106.57","103.51","101.11","99.66","100.12","99.64","99.49","98.57","96.90","96.60","95.36","95.49","94.52","93.74","93.72","93.94","92.69","89.33","87.13","87.27","88.91","89.66","90.31","90.85","91.20","92.86","95.03","96.88","99.14","101.21","104.90","106.41","107.65","109.85","109.78","110.28","111.65","110.70","109.34","109.74","111.75","116.74","117.69","118.09","118.68","113.46","111.55",""
"4.3.1.2. 수출물가지수(특수분류)","    식료품에너지","계약통화기준","2015=100","92.6","원자료","","","","","","","","","","","","","","","","","","","","","","","","","","","","","","","","","","","","","","","","","","","","","","","","","","","","","","","","","","","","","","","","","","","","","","","","","","","","","","","","","","","","","","","","","","","","","","","","","","","","","","","","","","","","","","","","","","","","","","","","","","","","","","","","","","","","","","","","","","","","","","","","","","","","","","","","","","","","","","","","","","","","","","","","","","","","","","","","","","","","","52.31","53.60","56.83","51.28","52.96","55.25","55.56","60.04","64.58","65.05","60.30","52.79","50.71","52.00","51.09","53.21","54.84","53.38","51.19","52.26","53.60","48.07","43.53","42.45","42.97","43.64","47.09","50.54","51.22","49.98","51.17","52.60","55.84","55.76","52.32","55.50","58.53","64.20","60.96","52.34","51.82","53.20","54.72","57.40","56.05","57.95","59.48","61.02","65.21","63.22","62.97","65.48","70.62","68.26","72.42","78.28","79.85","85.78","82.63","73.79","75.45","79.79","91.71","96.46","90.16","97.52","99.23","103.94","108.67","104.14","92.66","95.64","102.33","100.85","104.95","114.91","116.66","116.92","118.45","118.90","106.61","101.39","99.62","101.75","96.61","101.84","104.97","112.98","114.67","115.97","121.32","117.66","125.12","132.39","148.17","144.87","144.06","149.24","163.97","177.18","199.54","208.81","214.44","182.36","163.41","121.86","96.72","83.58","86.57","79.98","80.52","88.94","97.84","112.91","109.22","118.08","112.65","118.00","123.72","121.68","125.48","121.79","127.95","135.94","127.90","124.87","124.37","126.22","126.61","134.38","139.55","146.43","153.33","166.16","180.02","189.27","177.06","176.95","180.11","174.95","174.90","174.04","179.59","174.38","181.50","187.46","191.72","187.55","174.33","157.66","166.47","181.20","182.59","178.49","172.86","173.16","177.04","184.22","173.64","165.01","164.49","167.62","170.83","171.96","171.49","171.69","170.71","174.72","170.05","171.83","169.88","170.37","170.11","171.31","168.80","164.34","159.82","145.21","136.48","113.81","95.36","108.50","107.13","109.63","118.02","115.88","103.42","91.71","91.93","92.43","88.51","77.46","66.77","67.86","76.08","79.12","86.92","90.54","85.60","86.18","87.93","95.16","90.41","99.48","101.45","102.90","97.72","100.46","97.10","92.52","96.25","100.47","107.00","106.39","112.29","113.99","120.43","116.57","116.75","123.98","131.75","128.18","127.87","129.18","134.83","138.01","120.17","105.20","107.69","115.28","119.18","123.11","120.62","111.06","116.80","110.20","114.60","110.75","109.46","112.81","111.01","98.40","69.18","49.55","57.60","73.03","77.33","77.74","72.74","73.62","77.83","87.27","93.45","103.28","106.88","106.27","111.32","117.54","120.30","115.76","123.59","139.58","134.54","127.08","143.23","157.45","191.84","197.47","205.42","223.58","191.89","182.51",""
"4.3.1.2. 수출물가지수(특수분류)","    식료품에너지이외","계약통화기준","2015=100","907.4","원자료","","","","","","","","","","","","","","","","","","","","","","","","","","","","","","","","","","","","","","","","","","","","","","","","","","","","","","","","","","","","","","","","","","","","","","","","","","","","","","","","","","","","","","","","","","","","","","","","","","","","","","","","","","","","","","","","","","","","","","","","","","","","","","","","","","","","","","","","","","","","","","","","","","","","","","","","","","","","","","","","","","","","","","","","","","","","","","","","","","","","","146.55","143.28","141.53","141.97","142.10","143.54","146.00","146.96","145.45","140.36","134.99","132.59","130.98","128.96","126.76","124.91","122.91","120.42","117.29","116.01","115.41","113.67","112.38","111.32","112.18","114.06","116.55","116.27","115.36","113.92","114.76","114.90","114.74","113.94","113.90","114.39","115.83","116.56","116.02","113.78","113.17","113.40","114.09","114.87","114.64","115.11","115.99","116.94","119.06","120.46","121.08","122.49","122.99","123.19","124.28","126.47","127.55","128.96","129.04","127.12","131.30","131.41","130.40","128.83","126.49","125.69","125.46","125.34","125.12","124.56","123.16","122.27","122.83","122.80","121.67","121.76","122.27","122.51","123.06","124.06","125.32","124.32","123.49","123.01","121.67","120.44","120.19","121.35","121.94","122.11","122.84","122.48","121.94","121.92","122.30","121.58","122.02","122.75","123.98","125.20","126.56","128.64","129.61","127.94","124.95","117.92","110.59","106.89","105.12","104.88","104.24","105.91","106.60","106.90","107.71","109.44","109.17","109.07","109.86","111.10","113.19","113.38","114.46","116.51","115.85","114.75","113.98","113.02","113.17","112.75","112.77","113.78","113.76","115.24","117.17","118.54","117.68","116.39","116.12","115.77","114.41","111.93","110.63","109.58","110.30","111.70","112.04","111.85","110.07","108.80","108.75","108.53","109.11","108.78","108.15","108.40","109.67","109.78","109.50","108.88","109.17","109.18","108.79","108.84","109.12","108.94","108.65","108.68","108.35","108.23","107.86","107.49","107.80","108.29","108.81","108.93","108.43","107.61","106.39","104.51","102.81","102.47","102.44","102.52","102.66","102.11","100.78","99.04","97.65","96.75","95.82","94.96","93.68","92.97","93.43","93.45","93.26","93.18","93.66","94.42","95.48","96.94","98.14","99.17","100.00","101.87","101.73","102.39","101.93","101.47","101.94","102.43","103.09","103.83","104.18","104.19","105.08","105.30","104.42","104.50","105.21","104.83","104.76","104.89","104.69","104.08","102.26","100.95","99.17","99.02","98.16","97.67","96.88","95.88","95.06","94.27","94.05","93.32","92.58","92.28","92.67","92.33","91.05","90.25","89.75","90.29","90.75","91.42","92.41","92.71","94.17","95.76","97.26","98.90","100.85","104.91","106.11","106.95","109.11","109.41","109.31","109.49","108.87","108.01","107.05","107.99","110.45","110.99","110.73","109.81","106.88","105.60",""
"4.3.2.2. 수입물가지수(특수분류)","총지수","계약통화기준","2015=100","1000","원자료","70.49","70.34","70.12","70.27","70.09","69.93","69.62","69.33","68.75","68.50","68.66","69.12","68.70","67.27","64.49","62.78","62.91","62.31","61.39","60.17","61.36","61.96","62.34","62.55","63.30","64.96","65.38","66.23","67.09","67.73","68.42","68.46","69.46","70.50","70.85","70.85","72.54","72.64","73.57","74.11","75.67","78.79","80.23","79.90","79.47","79.56","79.16","80.32","80.40","81.29","82.11","82.66","81.87","80.56","79.96","79.39","78.88","78.61","78.63","76.76","75.84","75.45","75.58","75.44","74.74","74.16","73.85","75.28","80.15","84.47","84.67","82.31","80.18","78.35","75.95","75.70","75.16","74.55","73.88","73.45","73.56","73.80","74.14","73.98","72.81","72.49","72.30","72.42","72.72","73.35","73.76","73.33","72.99","72.94","72.59","72.09","72.18","71.84","73.54","73.73","73.69","73.48","72.88","72.03","71.50","71.45","70.94","70.31","70.35","71.13","71.98","72.06","73.00","73.80","74.82","75.78","76.04","76.29","77.03","78.24","79.39","80.17","80.73","81.45","81.80","81.44","81.01","80.36","79.93","79.77","79.28","79.99","80.04","79.12","78.82","79.50","79.26","78.83","78.51","78.53","79.31","79.69","79.64","80.24","80.28","79.35","78.27","77.18","77.26","77.16","76.36","76.57","76.32","76.83","76.57","75.07","72.46","70.90","69.66","69.71","69.70","68.56","67.98","67.56","67.21","67.69","66.63","65.52","65.02","64.23","64.29","65.80","67.06","66.95","68.11","69.70","71.32","72.56","73.05","74.02","75.15","76.15","76.63","75.05","76.32","77.34","76.95","77.15","78.85","78.74","78.16","74.14","73.67","74.21","73.06","72.92","73.32","72.95","70.95","70.90","69.76","67.54","65.38","65.06","64.89","65.43","67.66","68.91","69.15","68.74","69.12","69.45","70.47","70.43","68.87","70.50","72.55","74.34","73.05","70.05","69.82","70.41","71.21","71.93","71.07","72.68","73.39","74.35","76.05","77.13","78.55","79.50","81.00","80.63","81.99","84.28","83.82","86.42","85.70","84.32","88.93","90.45","93.29","94.39","93.09","94.07","94.63","96.76","97.45","95.87","94.56","95.16","97.34","98.15","97.97","101.40","104.04","103.79","105.86","106.59","103.78","102.58","102.65","103.74","101.14","102.91","105.22","107.82","108.91","108.74","109.61","108.59","111.06","114.00","117.91","118.40","120.01","122.90","127.35","131.47","138.95","144.03","146.97","137.96","130.12","115.23","102.52","96.78","96.93","95.34","95.04","95.41","98.11","102.87","102.38","106.63","105.72","108.20","111.24","111.79","114.36","113.04","115.91","119.35","118.18","116.19","115.65","117.74","118.69","121.00","123.20","126.71","128.99","132.75","136.71","142.02","139.19","138.64","139.56","137.83","137.21","134.25","135.28","133.85","135.40","138.71","141.08","138.33","133.56","127.70","129.07","132.44","133.95","131.61","130.17","130.18","130.96","132.31","129.82","127.94","127.14","126.69","126.78","128.44","128.90","127.86","127.98","129.36","128.15","128.34","127.66","127.56","127.70","128.39","127.66","126.15","124.19","119.97","115.92","109.41","102.71","104.85","104.25","103.84","104.80","103.67","100.63","97.28","96.05","95.91","94.31","91.70","87.99","87.99","89.99","90.99","92.30","92.90","92.26","92.86","93.41","96.31","96.10","99.06","100.95","101.96","100.58","101.02","100.13","98.36","98.44","100.01","101.74","102.52","104.62","105.61","108.00","107.05","108.26","109.95","112.68","112.58","111.29","111.22","113.09","114.22","108.93","105.36","105.10","107.50","108.61","109.65","108.17","104.69","105.58","103.56","104.33","102.98","103.37","104.31","104.42","100.71","93.21","87.77","90.97","94.34","94.21","93.82","93.35","93.80","95.89","99.44","102.89","106.28","108.48","109.26","112.05","115.37","117.43","117.40","119.20","124.34","123.26","120.80","125.16","130.44","138.18","136.62","138.11","138.32","132.18","129.99",""
"4.3.2.2. 수입물가지수(특수분류)","    식료품에너지","계약통화기준","2015=100","340.6","원자료","","","","","","","","","","","","","","","","","","","","","","","","","","","","","","","","","","","","","","","","","","","","","","","","","","","","","","","","","","","","","","","","","","","","","","","","","","","","","","","","","","","","","","","","","","","","","","","","","","","","","","","","","","","","","","","","","","","","","","","","","","","","","","","","","","","","","","","","","","","","","","","","","","","","","","","","","","","","","","","","","","","","","","","","","","","","","","","","","","","","","46.67","48.17","49.33","45.77","48.98","51.74","50.86","51.91","55.53","56.00","55.56","46.53","45.94","47.80","46.41","47.39","49.29","49.19","46.91","47.33","45.92","41.86","38.41","38.42","39.27","39.97","44.68","47.26","48.04","46.95","47.72","48.92","51.22","50.98","47.43","50.50","54.31","57.17","54.05","48.76","48.43","49.95","51.53","52.52","49.89","52.42","53.25","54.32","55.79","55.60","58.14","60.30","64.77","63.70","65.51","70.22","68.37","72.08","69.49","67.08","71.88","74.87","82.30","85.94","84.11","89.58","92.20","97.78","99.37","96.36","93.26","95.11","101.29","101.89","101.64","107.99","110.11","110.45","114.72","115.47","106.04","101.33","101.26","103.64","96.87","100.19","103.68","109.00","110.46","112.07","116.50","115.27","122.28","128.71","140.53","142.18","145.31","149.88","158.23","166.53","185.53","196.03","201.16","178.98","159.53","129.64","103.44","91.58","94.49","90.84","91.68","92.71","100.02","112.08","108.49","115.91","113.44","120.57","127.35","126.44","130.20","126.01","131.85","139.48","133.21","129.62","128.37","131.10","132.16","137.99","142.02","149.53","153.72","163.43","173.35","185.26","178.39","178.01","181.09","178.67","178.27","175.08","180.04","176.40","180.19","187.60","194.52","186.93","176.10","162.55","166.27","176.96","179.93","174.32","170.72","169.72","172.81","175.88","170.64","165.59","163.98","163.56","165.45","169.99","171.16","168.61","168.73","173.22","169.39","170.60","169.44","169.17","169.62","171.69","169.46","164.81","159.57","150.20","139.09","121.70","104.30","111.63","109.99","108.62","111.20","108.57","102.13","93.63","91.05","91.38","87.63","79.88","70.18","70.77","75.81","78.40","82.79","84.98","81.84","83.72","85.29","94.56","91.54","100.09","103.84","105.81","102.62","103.77","102.25","97.97","97.47","100.11","103.22","104.89","110.33","112.27","118.39","115.49","115.97","121.87","128.86","129.02","127.56","127.83","133.74","136.86","123.10","113.82","114.94","121.10","122.57","125.53","123.06","114.53","116.43","112.18","114.31","110.85","112.20","114.46","115.15","104.65","83.91","68.38","78.31","87.50","86.86","84.07","81.45","81.53","86.76","94.57","101.63","108.75","112.34","112.14","117.46","125.49","129.80","129.68","136.28","148.25","147.58","140.54","150.39","164.67","183.83","179.86","187.61","192.03","177.49","171.95",""
"4.3.2.2. 수입물가지수(특수분류)","    식료품에너지이외","계약통화기준","2015=100","659.4","원자료","","","","","","","","","","","","","","","","","","","","","","","","","","","","","","","","","","","","","","","","","","","","","","","","","","","","","","","","","","","","","","","","","","","","","","","","","","","","","","","","","","","","","","","","","","","","","","","","","","","","","","","","","","","","","","","","","","","","","","","","","","","","","","","","","","","","","","","","","","","","","","","","","","","","","","","","","","","","","","","","","","","","","","","","","","","","","","","","","","","","","92.74","93.37","93.41","93.16","93.15","92.99","92.92","92.56","92.95","92.46","91.80","91.15","90.80","90.44","89.46","88.57","87.98","87.44","85.67","85.32","84.36","83.41","82.13","81.61","80.76","81.17","81.73","82.07","81.95","82.00","82.12","81.86","82.01","82.12","81.88","82.55","83.39","84.44","84.37","82.96","82.78","82.76","83.04","83.57","83.89","84.86","85.47","86.34","88.17","90.06","90.72","90.88","90.36","90.46","91.49","92.12","92.62","94.42","94.97","94.30","95.85","96.76","97.65","97.67","96.60","95.69","95.36","96.04","96.34","95.36","94.81","94.87","95.36","96.25","96.11","98.31","101.13","100.65","101.79","102.51","102.49","102.81","102.92","103.47","102.62","103.74","105.55","106.99","107.94","106.99","106.36","105.45","105.96","107.43","107.98","107.98","108.95","111.13","113.89","116.25","118.84","121.63","123.64","120.20","117.29","108.77","101.80","98.68","97.65","96.95","96.17","96.26","96.99","98.66","99.48","102.39","102.12","102.64","104.10","105.26","107.33","107.07","108.83","110.72","111.41","110.01","109.74","111.59","112.46","113.48","114.99","117.02","118.54","119.94","121.54","124.22","123.01","122.37","122.44","121.02","120.29","117.45","116.92","116.37","116.97","118.55","118.99","118.30","116.09","113.46","113.84","114.12","115.02","114.07","113.52","113.97","114.64","115.33","113.90","113.22","112.73","112.26","111.67","112.22","112.43","111.96","112.07","112.27","112.09","111.87","111.36","111.35","111.36","111.51","111.35","111.08","110.41","108.20","106.89","104.65","102.10","102.25","102.02","101.99","102.31","101.76","100.04","98.70","97.99","97.66","96.90","96.27","94.78","94.56","95.44","95.85","96.01","96.03","96.33","96.45","96.62","97.17","97.99","98.88","100.09","100.72","100.04","100.21","99.55","98.73","99.02","100.20","101.41","101.86","102.71","103.33","104.16","104.01","105.55","105.48","106.42","106.21","104.98","104.77","104.95","105.25","103.50","102.32","101.48","102.30","103.26","103.51","102.44","101.06","101.54","100.44","100.65","100.17","100.16","100.55","100.43","99.40","97.14","95.68","96.23","97.29","97.37","97.93","98.31","98.90","99.76","101.63","103.59","105.44","107.08","108.28","110.00","111.39","112.52","112.52","112.35","114.68","113.43","112.85","114.95","116.50","119.53","118.97","117.85","116.31","113.64","112.85",""
"3.1.2.1. 주요국 통화의 대원화환율","원/미국달러(매매기준율)","평균자료","원 ","","원자료","830.30","836.90","848.97","859.34","868.92","872.87","874.33","882.92","891.59","892.24","890.98","890.88","890.53","886.39","884.37","885.60","887.21","888.34","885.04","882.37","879.11","874.63","869.39","864.49","858.75","856.30","852.01","840.86","828.22","814.27","808.11","808.14","806.38","804.48","798.51","794.74","787.46","773.44","753.49","741.80","735.67","729.46","725.81","722.81","720.24","709.35","693.00","685.03","682.42","676.99","672.97","667.36","666.56","666.71","667.28","668.38","670.03","671.27","672.33","675.17","683.43","689.87","697.78","706.03","709.26","715.33","715.94","715.54","714.96","715.00","714.32","715.73","718.14","721.61","725.11","725.48","725.13","725.37","728.96","731.12","739.74","748.96","753.05","757.28","762.66","765.74","771.19","778.28","782.78","789.07","787.15","789.32","785.55","783.65","784.04","788.62","791.99","796.45","793.25","795.79","799.99","802.68","806.20","808.81","808.57","810.21","807.12","809.40","810.48","809.23","807.54","808.56","806.55","806.64","805.12","803.46","800.73","798.76","796.33","791.86","790.48","790.73","778.69","767.50","761.40","761.04","757.01","767.96","772.35","767.40","769.41","771.08","787.27","780.28","781.25","780.43","780.16","797.96","812.76","816.81","821.76","827.61","828.18","839.02","849.88","866.85","879.41","893.56","892.05","889.49","890.50","895.90","909.53","921.85","1,025.58","1,484.08","1,706.80","1,623.06","1,505.28","1,391.97","1,394.62","1,397.18","1,300.77","1,303.22","1,370.80","1,336.72","1,294.13","1,213.65","1,176.94","1,186.81","1,229.16","1,208.94","1,197.00","1,169.63","1,186.04","1,199.79","1,196.97","1,206.38","1,177.22","1,138.39","1,131.07","1,128.80","1,117.19","1,109.76","1,120.01","1,118.73","1,114.86","1,114.57","1,116.50","1,127.31","1,151.15","1,214.40","1,272.82","1,252.44","1,288.43","1,325.55","1,298.46","1,293.83","1,302.60","1,285.39","1,293.70","1,302.60","1,284.00","1,289.66","1,317.60","1,318.72","1,322.51","1,318.93","1,266.06","1,223.47","1,185.12","1,196.37","1,208.50","1,241.13","1,211.91","1,208.91","1,179.27","1,191.19","1,232.40","1,232.82","1,199.78","1,194.02","1,181.59","1,178.42","1,166.17","1,166.27","1,184.87","1,192.95","1,184.32","1,166.69","1,166.34","1,150.85","1,177.37","1,158.65","1,157.66","1,159.00","1,147.97","1,144.04","1,091.19","1,050.91","1,038.23","1,022.43","1,007.49","1,010.94","1,002.21","1,010.87","1,037.44","1,021.17","1,029.33","1,046.25","1,041.43","1,024.15","987.03","970.22","975.09","954.44","941.40","955.16","950.15","960.72","953.68","954.23","936.22","925.75","936.36","937.02","943.26","931.50","927.91","928.32","918.85","933.80","932.41","915.86","916.98","930.24","942.39","944.69","979.86","986.66","1,036.73","1,029.27","1,019.12","1,041.54","1,130.40","1,326.92","1,390.09","1,373.84","1,346.10","1,429.46","1,461.98","1,341.90","1,258.71","1,261.35","1,263.97","1,238.40","1,219.15","1,175.25","1,164.23","1,166.45","1,138.82","1,157.08","1,137.64","1,117.11","1,163.11","1,212.33","1,207.30","1,179.92","1,167.01","1,123.45","1,126.20","1,147.55","1,120.07","1,118.14","1,122.45","1,086.84","1,083.54","1,081.27","1,059.50","1,073.17","1,118.61","1,155.45","1,132.31","1,147.45","1,145.85","1,123.35","1,125.90","1,135.55","1,154.27","1,165.51","1,143.36","1,131.69","1,124.78","1,106.93","1,087.52","1,076.97","1,065.35","1,086.68","1,102.20","1,121.83","1,110.67","1,135.21","1,127.23","1,116.98","1,087.35","1,066.80","1,062.82","1,056.67","1,064.75","1,071.30","1,070.89","1,044.55","1,024.99","1,019.36","1,019.93","1,025.36","1,033.24","1,060.28","1,095.10","1,104.33","1,088.86","1,098.40","1,112.57","1,088.66","1,091.27","1,112.20","1,143.22","1,179.10","1,184.76","1,148.18","1,151.97","1,172.24","1,201.67","1,217.35","1,188.21","1,147.51","1,171.51","1,170.50","1,144.09","1,111.68","1,107.49","1,125.28","1,161.64","1,182.28","1,185.10","1,144.92","1,134.77","1,132.73","1,125.28","1,130.04","1,134.40","1,130.79","1,131.59","1,131.57","1,105.04","1,085.78","1,066.70","1,079.58","1,071.89","1,067.76","1,076.39","1,092.80","1,122.80","1,121.15","1,120.60","1,130.81","1,128.58","1,122.90","1,122.00","1,122.45","1,130.72","1,140.95","1,183.29","1,175.62","1,175.31","1,208.98","1,197.55","1,184.13","1,167.45","1,175.84","1,164.28","1,193.79","1,220.09","1,225.23","1,228.67","1,210.01","1,198.90","1,186.85","1,178.80","1,144.68","1,116.76","1,095.13","1,097.49","1,111.72","1,131.02","1,119.40","1,123.28","1,121.30","1,143.98","1,160.34","1,169.54","1,182.82","1,182.91","1,183.70","1,194.01","1,198.34","1,221.03","1,232.34","1,269.88","1,277.35","1,307.40","1,318.44",""
"4.4.1.1. 주택매매가격지수(KB)","총지수","","2022.01=100","","원자료","","","","","","","","","","","","","27.682","27.682","27.724","27.516","27.392","27.268","27.185","27.185","27.185","27.185","27.019","26.936","26.895","26.853","26.812","26.853","26.853","26.853","26.895","27.019","28.055","28.470","28.801","28.842","29.215","29.920","30.666","31.287","31.578","31.826","32.158","32.945","32.862","32.821","32.572","32.655","33.028","34.064","35.017","36.468","36.758","36.840","36.758","36.758","36.840","37.048","37.255","37.421","37.752","39.617","40.529","41.813","42.269","42.393","42.518","42.849","43.968","44.548","45.129","45.294","45.543","46.123","46.869","47.905","47.864","47.656","47.449","47.242","47.076","46.745","45.792","45.046","44.838","44.756","44.631","44.383","43.885","43.388","43.057","43.098","43.429","43.347","43.098","42.808","42.725","42.891","42.891","42.725","42.476","42.228","42.021","41.896","41.813","41.772","41.648","41.565","41.565","41.606","41.606","41.565","41.523","41.482","41.440","41.482","41.565","41.565","41.523","41.523","41.482","41.482","41.523","41.523","41.482","41.482","41.440","41.440","41.482","41.482","41.440","41.440","41.482","41.565","41.689","41.730","41.730","41.689","41.689","41.730","41.896","41.979","42.021","42.062","42.518","42.891","43.057","43.098","43.057","43.057","43.015","43.057","43.181","43.181","43.098","42.891","42.559","42.021","40.860","39.700","38.747","38.167","38.001","38.042","37.876","37.586","37.462","37.586","38.042","38.125","38.249","38.291","38.374","38.374","38.498","38.747","39.037","39.078","38.954","38.871","38.995","39.161","39.327","39.368","39.327","39.203","39.203","39.285","39.368","39.410","39.285","39.037","38.995","39.120","39.368","39.617","39.907","40.239","40.736","41.523","42.186","42.393","42.559","42.891","44.010","45.129","46.165","46.620","46.910","47.118","47.574","48.402","49.563","49.811","49.853","49.936","49.894","50.143","50.516","50.972","51.800","52.173","52.289","52.462","52.904","53.432","53.241","52.801","52.586","52.693","52.800","52.888","52.879","52.743","52.603","52.394","52.283","52.157","51.926","51.710","51.567","51.732","51.930","52.229","52.512","52.940","53.379","53.573","53.702","53.685","53.682","53.785","53.964","54.208","54.556","55.038","55.600","55.866","55.986","56.121","56.392","57.151","58.925","60.024","60.548","60.768","60.880","60.959","60.979","61.062","61.221","61.336","61.498","61.656","61.823","61.910","62.080","62.271","62.746","63.294","63.679","64.064","64.314","64.442","64.591","64.557","64.297","63.833","63.479","63.320","63.209","63.247","63.315","63.438","63.611","63.812","64.268","64.512","64.676","64.768","64.851","65.040","65.201","65.327","65.358","65.365","65.303","65.271","65.333","65.469","65.721","65.991","66.300","66.830","67.482","68.037","68.511","68.848","69.129","69.470","69.848","70.126","70.403","70.521","70.631","70.749","70.856","70.932","70.967","70.941","70.861","70.790","70.683","70.603","70.550","70.501","70.462","70.421","70.389","70.391","70.381","70.353","70.351","70.323","70.360","70.503","70.626","70.762","70.842","70.957","71.157","71.304","71.351","71.401","71.466","71.562","71.758","71.970","72.116","72.249","72.345","72.509","72.809","73.169","73.441","73.778","74.092","74.381","74.731","74.984","75.304","75.441","75.504","75.558","75.584","75.615","75.665","75.734","75.832","75.927","76.031","76.215","76.407","76.463","76.481","76.489","76.509","76.538","76.578","76.711","76.891","77.074","77.139","77.226","77.332","77.411","77.556","77.723","77.917","78.049","78.127","78.203","78.293","78.460","79.232","79.677","79.799","79.861","79.877","79.824","79.740","79.630","79.577","79.508","79.502","79.546","79.589","79.664","79.776","80.054","80.337","80.634","81.084","81.270","81.382","81.776","82.495","83.137","83.798","84.359","85.568","86.735","87.767","88.962","90.135","91.091","91.964","93.169","94.256","95.666","97.123","98.140","99.224","99.720","100.000","100.207","100.306","100.517","100.768","100.869","100.869","100.728","100.568"
"1.3.2.2. 시장금리(월,분기,년)","무담보콜금리 전체","","연%","","원자료","","","","","","","","","","","","","","","","","","","","","","","","","","","","","","","","","","","","","","","","","","","","","","","","","","","","","","","","","","","","","","","","","","","","","","","","","13.720","14.380","14.810","15.250","16.200","19.070","18.580","19.140","19.580","18.780","17.930","17.440","15.000","14.470","14.960","14.940","14.910","14.870","14.900","14.940","14.870","11.950","13.210","13.520","12.420","11.200","10.990","10.740","11.150","12.980","14.010","13.530","12.550","12.170","11.500","11.550","10.600","10.970","12.000","11.570","11.730","12.590","12.490","14.900","12.410","11.540","12.710","14.000","15.530","15.250","12.120","12.520","13.510","12.700","11.300","11.630","11.350","11.060","11.310","10.980","10.460","10.710","10.330","9.460","11.410","12.380","12.960","15.410","13.900","14.410","14.380","12.510","11.390","11.490","12.950","13.000","12.450","11.190","11.440","12.450","13.250","13.640","14.090","21.580","25.630","23.530","22.620","21.230","18.450","16.250","12.670","9.530","8.430","7.270","7.240","6.960","6.350","5.650","5.030","4.820","4.800","4.810","4.840","4.750","4.740","4.750","4.750","4.770","4.770","5.000","5.100","5.100","5.130","5.140","5.160","5.170","5.160","5.360","5.380","5.390","5.320","5.130","5.030","5.010","5.020","5.020","4.810","4.600","4.330","4.020","4.030","4.010","3.990","4.020","4.030","4.030","4.260","4.310","4.290","4.310","4.330","4.330","4.310","4.330","4.300","4.320","4.250","4.260","4.090","4.030","3.850","3.770","3.760","3.770","3.800","3.790","3.800","3.780","3.770","3.770","3.770","3.780","3.780","3.620","3.530","3.530","3.360","3.280","3.270","3.270","3.250","3.260","3.300","3.280","3.250","3.250","3.250","3.440","3.500","3.690","3.750","3.920","3.980","3.970","3.960","4.160","4.210","4.420","4.480","4.480","4.470","4.490","4.630","4.600","4.600","4.680","4.620","4.540","4.670","4.910","4.970","5.000","5.000","4.990","4.990","4.970","4.970","4.990","4.990","4.930","4.980","5.210","5.210","4.890","4.000","3.270","2.430","2.060","1.770","1.790","1.910","1.930","1.940","1.980","1.980","2.000","2.000","2.000","2.000","2.000","2.010","2.000","2.010","2.000","2.200","2.270","2.270","2.260","2.370","2.500","2.660","2.750","2.920","3.010","3.020","3.200","3.260","3.250","3.250","3.240","3.260","3.260","3.260","3.250","3.250","3.250","3.260","3.260","3.090","3.000","2.990","2.810","2.750","2.750","2.760","2.750","2.740","2.750","2.560","2.490","2.480","2.500","2.500","2.500","2.500","2.500","2.500","2.490","2.480","2.490","2.490","2.480","2.490","2.340","2.240","2.070","1.980","1.990","1.990","1.990","1.830","1.730","1.740","1.570","1.480","1.490","1.480","1.480","1.490","1.480","1.490","1.490","1.490","1.480","1.490","1.290","1.230","1.230","1.240","1.230","1.230","1.230","1.240","1.230","1.230","1.230","1.230","1.240","1.240","1.230","1.250","1.250","1.260","1.510","1.500","1.490","1.490","1.480","1.500","1.490","1.490","1.500","1.540","1.520","1.510","1.770","1.760","1.760","1.760","1.750","1.750","1.760","1.630","1.510","1.520","1.360","1.280","1.280","1.270","1.240","0.980","0.740","0.700","0.480","0.480","0.510","0.480","0.500","0.500","0.510","0.490","0.490","0.490","0.480","0.480","0.510","0.530","0.560","0.770","0.750","0.800","1.024","1.181","1.211","1.250","1.297","1.504","1.751","1.953","2.262",""
"1.3.2.2. 시장금리(월,분기,년)","국고채(3년)","","연%","","원자료","","","","","","","","","","","","","","","","","","","","","","","","","","","","","","","","","","","","","","","","","","","","","","","","","","","","","","","","","","","","","","","","","","","","","","","","","","","","","","","","","","","","","","","","","","","","","","","","","","","","","","","","","","","","","","","","","","","","","","","","","","","","","14.810","14.580","14.090","13.130","12.820","12.100","11.920","11.630","11.940","12.010","11.920","11.040","11.010","11.510","11.850","12.270","12.190","12.080","12.120","12.190","12.170","12.100","12.320","12.400","12.400","11.720","11.650","11.650","11.650","11.650","12.400","14.960","15.000","15.000","15.090","17.130","16.860","15.040","12.570","11.720","11.840","9.400","8.340","7.230","6.670","7.080","6.810","6.370","6.750","6.880","7.890","8.910","9.330","8.280","8.460","8.850","9.280","8.990","9.060","8.950","8.960","8.660","8.000","7.850","7.960","7.840","7.310","6.790","5.990","5.430","5.840","6.590","6.460","6.040","5.750","5.150","4.890","4.740","5.340","5.930","6.080","5.920","6.300","6.470","6.300","5.930","5.700","5.370","5.370","5.390","5.290","5.280","4.960","4.730","4.780","4.600","4.270","4.070","4.370","4.620","4.250","4.280","4.770","4.870","4.880","4.830","4.580","4.540","4.390","4.280","4.190","3.820","3.590","3.540","3.420","3.280","3.650","4.190","4.040","3.860","3.710","3.790","4.120","4.330","4.520","4.810","5.100","5.060","5.020","4.870","4.930","4.950","4.780","4.890","4.890","4.770","4.690","4.620","4.720","4.820","4.970","4.910","4.790","4.940","5.100","5.240","5.350","5.280","5.390","5.420","5.540","5.890","5.440","5.060","5.150","4.980","5.280","5.700","5.960","5.770","5.810","5.090","4.970","3.970","3.440","3.780","3.690","3.760","3.830","4.090","4.090","4.420","4.400","4.470","4.320","4.240","4.290","4.190","3.940","3.770","3.700","3.750","3.880","3.730","3.480","3.240","3.400","3.250","3.710","3.940","3.740","3.740","3.660","3.650","3.770","3.570","3.450","3.470","3.390","3.360","3.370","3.430","3.550","3.500","3.380","3.290","3.010","2.830","2.810","2.780","2.800","2.850","2.750","2.700","2.600","2.550","2.590","2.870","2.910","2.940","2.900","2.830","2.936","2.941","2.892","2.854","2.874","2.875","2.838","2.746","2.558","2.540","2.405","2.239","2.138","2.143","2.039","2.024","1.865","1.739","1.875","1.773","1.777","1.735","1.651","1.627","1.752","1.719","1.628","1.474","1.498","1.468","1.455","1.334","1.218","1.238","1.312","1.361","1.609","1.692","1.643","1.665","1.709","1.678","1.690","1.673","1.740","1.780","1.785","2.026","2.150","2.100","2.190","2.277","2.271","2.192","2.250","2.175","2.097","2.019","1.953","2.010","1.940","1.825","1.807","1.802","1.789","1.736","1.679","1.496","1.382","1.164","1.287","1.357","1.492","1.390","1.373","1.253","1.091","1.024","0.878","0.850","0.826","0.829","0.908","0.910","0.965","0.970","0.975","0.995","1.133","1.138","1.134","1.302","1.419","1.411","1.515","1.842","1.953","1.800","2.060","2.285","2.369","2.941","3.019","3.477","3.238","3.247",""