,funds_rate,oil_price,CPI,GS3,unemployment_rate,GDP,economic_growth_rate
1986-01-01,8.144838709677419,22.925454545454546,3.88625592417063,8.41,6.7,4486.627333333334,0.4762586553292374
1986-02-01,7.86,15.433625000000001,3.1132075471698,8.1,7.2,4507.894,0.47400118366564625
1986-03-01,7.479032258064516,12.539285714285715,2.25563909774436,7.3,7.2,4520.376,0.27689204759472985
1986-04-01,6.988,12.843636363636364,1.59027128157157,6.86,7.1,4532.858,0.27612747258192616
1986-05-01,6.852903225806451,15.386022727272728,1.49114631873253,7.27,7.2,4545.34,0.27536710834533024
1986-06-01,6.916666666666667,13.425714285714285,1.76579925650557,7.41,7.2,4566.116333333333,0.45709085202280225
1986-07-01,6.557096774193549,11.583913043478262,1.57699443413728,6.86,7.0,4586.892666666667,0.45501103819153477
1986-08-01,6.170645161290322,15.096666666666666,1.57407407407406,6.49,6.9,4607.669,0.45295006539648497
1986-09-01,5.890333333333333,14.932045454545454,1.75438596491229,6.62,7.0,4624.321666666667,0.3614119561684411
1986-10-01,5.845806451612903,14.88641304347826,1.47194112235511,6.56,7.0,4640.974333333334,0.3601104738604944
1986-11-01,6.039333333333333,15.2105,1.28440366972477,6.46,6.9,4657.627,0.3588183314667512
1986-12-01,6.907741935483871,16.218,1.09789569990851,6.43,6.6,4679.136666666667,0.46181599914863974
1987-01-01,6.426451612903226,18.623181818181816,1.45985401459854,6.41,6.6,4700.646333333333,0.459693063036541
1987-02-01,6.101071428571428,17.751125,2.10430009149132,6.56,6.6,4722.156,0.45758955559232284
1987-03-01,6.128387096774193,18.313636363636363,3.03308823529411,6.58,6.6,4750.157333333334,0.5929777274053125
1987-04-01,6.365333333333334,18.673636363636362,3.77532228360957,7.32,6.3,4778.158666666666,0.5894822290798374
1987-05-01,6.852903225806451,19.437261904761904,3.85674931129477,8.02,6.3,4806.16,0.5860276999312763
1987-06-01,6.725,20.07318181818182,3.65296803652968,7.82,6.2,4832.291666666667,0.5437119585421025
1987-07-01,6.58225806451613,21.342173913043478,3.9269406392694,7.74,6.1,4858.423333333333,0.5407717180426721
1987-08-01,6.732258064516128,20.310952380952383,4.28441203281677,8.03,6.0,4884.555,0.5378631064810555
1987-09-01,7.216333333333334,19.529999999999998,4.35571687840289,8.67,5.9,4925.701333333333,0.8423762928932755
1987-10-01,7.288709677419354,19.85909090909091,4.53309156844969,8.75,6.0,4966.847666666667,0.8353395902201095
1987-11-01,6.693333333333333,18.843333333333334,4.52898550724636,7.99,5.8,5007.994,0.8284194743775404
1987-12-01,6.769677419354839,17.241739130434784,4.43438914027149,8.13,5.7,5029.786666666667,0.43515760335709613
1988-01-01,6.833870967741936,17.123214285714283,4.04676258992805,7.87,5.7,5051.579333333333,0.4332721864943164
1988-02-01,6.582758620689655,16.795714285714286,3.94265232974909,7.38,5.7,5073.372,0.4314030371227897
1988-03-01,6.575806451612903,16.197391304347825,3.92506690454951,7.5,5.7,5112.26,0.7665118978068219
1988-04-01,6.871666666666667,17.82452380952381,3.9041703637977,7.83,5.4,5151.148,0.7606811860116645
1988-05-01,7.086451612903226,17.423636363636362,3.89036251105217,8.24,5.6,5190.036,0.7549385107940971
1988-06-01,7.509,16.527727272727272,3.9647577092511,8.22,5.4,5220.969,0.5960074265380816
1988-07-01,7.754838709677419,15.476785714285715,4.13005272407734,8.44,5.4,5251.902,0.5924762242411321
1988-08-01,8.009032258064517,15.523478260869567,4.02097902097902,8.77,5.6,5282.835,0.5889866185621894
1988-09-01,8.193333333333333,14.535454545454543,4.17391304347826,8.57,5.4,5321.726333333333,0.7361830027500957
1988-10-01,8.296129032258065,13.770476190476192,4.24978317432784,8.43,5.4,5360.617666666667,0.7308029556073364
1988-11-01,8.345,14.141363636363637,4.24610051993069,8.72,5.3,5399.509,0.725500973053286
1988-12-01,8.76032258064516,16.405568181818182,4.41941074523398,9.11,5.3,5436.757,0.6898405021641707
1989-01-01,9.121290322580645,17.992045454545455,4.66724286949006,9.2,5.4,5474.005,0.6851143061939408
1989-02-01,9.36107142857143,17.936500000000002,4.82758620689656,9.32,5.2,5511.253,0.6804524292542589
1989-03-01,9.848709677419356,19.51771739130435,4.97854077253219,9.61,5.0,5544.989666666666,0.6121414978892582
1989-04-01,9.835333333333333,21.069,5.12382578992315,9.4,5.2,5578.726333333333,0.6084171241918157
1989-05-01,9.809032258064516,20.123478260869565,5.36170212765957,8.98,5.2,5612.463,0.60473779588519
1989-06-01,9.53,20.050454545454546,5.16949152542374,8.37,5.3,5640.097,0.49236850202843235
1989-07-01,9.235483870967743,19.781428571428574,4.97890295358649,7.83,5.2,5667.731,0.48995611245693144
1989-08-01,8.992258064516129,18.577826086956524,4.70588235294118,8.13,5.2,5695.365,0.4875672469282684
1989-09-01,9.020999999999999,19.591428571428573,4.34056761268782,8.26,5.3,5712.655666666667,0.303591897387907
1989-10-01,8.840645161290322,20.097727272727273,4.49251247920134,8.02,5.3,5729.946333333333,0.3026730066640944
1989-11-01,8.548,19.85590909090909,4.65502909393182,7.8,5.4,5747.237,0.3017596616233596
1989-12-01,8.452580645161289,21.13142857142857,4.6473029045643,7.77,5.4,5789.058333333333,0.7276772009460079
1990-01-01,8.229032258064516,22.852608695652176,5.20231213872832,8.13,5.4,5830.879666666667,0.7224203130330634
1990-02-01,8.237142857142858,22.113,5.26315789473685,8.39,5.3,5872.701,0.7172388340032625
1990-03-01,8.276774193548386,20.387727272727275,5.233033524121,8.63,5.2,5901.81,0.4956663041418315
1990-04-01,8.255,18.395119047619048,4.71161657189277,8.78,5.4,5930.919,0.4932215710095626
1990-05-01,8.176451612903225,18.170434782608698,4.36187399030693,8.69,5.4,5960.028,0.49080083541859837
1990-06-01,8.288666666666666,16.695238095238096,4.67365028203062,8.4,5.2,5978.390666666667,0.3080969865689705
1990-07-01,8.15258064516129,18.454090909090908,4.82315112540193,8.26,5.5,5996.753333333333,0.30715066462701285
1990-08-01,8.134193548387097,27.307391304347828,5.61797752808989,8.22,5.7,6015.116,0.3062101381525373
1990-09-01,8.195,33.5075,6.16,8.27,5.9,6011.655,-0.057538374987286034
1990-10-01,8.112580645161291,36.039565217391306,6.28980891719745,8.07,5.9,6008.194,-0.057571500693225586
1990-11-01,7.806666666666667,32.33227272727272,6.27482128673552,7.74,6.2,6004.733,-0.057604664563099
1990-12-01,7.312903225806451,27.274761904761903,6.10626486915148,7.47,6.3,6014.881333333334,0.1690055716604475
1991-01-01,6.906451612903226,25.33282608695652,5.65149136577707,7.38,6.4,6025.029666666666,0.16872042474208904
1991-02-01,6.2524999999999995,20.4775,5.3125,7.08,6.6,6035.178,0.16843623840524724
1991-03-01,6.115161290322581,19.88440476190476,4.89510489510491,7.35,6.8,6065.739333333333,0.5063866108561023
1991-04-01,5.912333333333334,20.83,4.88750969743985,7.23,6.7,6096.300666666667,0.5038352565760438
1991-05-01,5.782903225806452,21.233695652173914,4.95356037151703,7.12,6.9,6126.862,0.5013094826578396
1991-06-01,5.899666666666667,20.189,4.69591993841416,7.39,6.9,6153.220333333334,0.43020935241129266
1991-07-01,5.820967741935483,21.40304347826087,4.44785276073618,7.38,6.8,6179.578666666666,0.42836647975278636
1991-08-01,5.661290322580645,21.69363636363636,3.79939209726442,6.8,6.9,6205.937,0.4265393282476256
1991-09-01,5.447,21.905238095238094,3.39110776186887,6.5,6.9,6225.471333333333,0.31476847627252824
1991-10-01,5.209677419354839,23.23086956521739,2.92134831460675,6.23,7.0,6245.005666666667,0.31378079325079156
1991-11-01,4.811333333333334,22.46095238095238,2.98953662182362,5.9,7.0,6264.54,0.31279928915996796
1991-12-01,4.434193548387097,19.45977272727273,3.0642750373692,5.39,7.3,6297.394,0.524443933632801
1992-01-01,4.034193548387097,18.807391304347824,2.60029717682022,5.4,7.3,6330.248,0.5217078683658567
1992-02-01,4.057586206896552,19.0125,2.81899109792283,5.72,7.4,6363.102,0.5190002034675462
1992-03-01,3.983225806451613,18.921818181818182,3.1851851851852,6.18,7.4,6398.989,0.5639859301328144
1992-04-01,3.734666666666667,20.231022727272727,3.18047337278108,5.93,7.4,6434.876,0.5608229675031576
1992-05-01,3.823225806451613,21.002738095238094,3.02359882005901,5.81,7.6,6470.763,0.5576952842603294
1992-06-01,3.7626666666666666,22.384545454545453,3.08823529411763,5.6,7.8,6502.722333333333,0.4939036298089303
1992-07-01,3.253548387096774,21.77521739130435,3.15712187958885,4.91,7.7,6534.681666666666,0.49147621096333505
1992-08-01,3.303225806451613,21.33904761904762,3.14787701317717,4.72,7.6,6566.641,0.48907253579554477
1992-09-01,3.219666666666667,21.881363636363634,2.98833819241984,4.42,7.6,6604.695,0.5795048031406025
1992-10-01,3.099032258064516,21.68590909090909,3.20232896652111,4.64,7.3,6642.749,0.576165894110176
1992-11-01,3.0876666666666663,20.336190476190477,3.04789550072568,5.14,7.4,6680.803,0.5728652399782092
1992-12-01,2.919677419354839,19.436086956521738,2.90065264684554,5.21,7.4,6697.0216666666665,0.24276522847128781
1993-01-01,3.024193548387097,19.048333333333332,3.25850832729905,4.93,7.3,6713.240333333333,0.24217730618063277
1993-02-01,3.027142857142857,20.068875,3.24675324675326,4.58,7.1,6729.459,0.24159222463906008
1993-03-01,3.074193548387097,20.32217391304348,3.08686288585784,4.4,7.0,6755.952333333334,0.39369187528052096
1993-04-01,2.957666666666667,20.261022727272728,3.2258064516129,4.3,7.1,6782.4456666666665,0.39214802038517765
1993-05-01,2.9961290322580645,19.95952380952381,3.22118826055833,4.4,7.1,6808.939,0.3906162265853334
1993-06-01,3.038,19.09409090909091,2.99572039942941,4.53,7.0,6833.325333333333,0.35815173749291795
1993-07-01,3.055483870967742,17.904090909090908,2.77580071174378,4.43,6.9,6857.711666666667,0.3568735885349401
1993-08-01,3.032258064516129,18.01090909090909,2.76792051100072,4.36,6.8,6882.098,0.35560452988812224
1993-09-01,3.0863333333333336,17.494318181818183,2.689313517339,4.17,6.7,6925.978,0.6375962678822665
1993-10-01,2.9925806451612904,18.153333333333332,2.75035260930886,4.18,6.8,6969.858,0.6335567337926876
1993-11-01,3.0180000000000002,16.564545454545456,2.67605633802819,4.5,6.6,7013.738,0.6295680629361475
1993-12-01,2.9551612903225806,14.498478260869565,2.74841437632136,4.54,6.5,7047.709333333333,0.4843541822254117
1994-01-01,3.0506451612903227,15.026666666666667,2.52454417952314,4.48,6.6,7081.680666666667,0.48201950061505366
1994-02-01,3.245,14.755125000000001,2.51572327044024,4.83,6.6,7115.652,0.4797072182770872
1994-03-01,3.335806451612903,14.680869565217392,2.50696378830084,5.4,6.5,7159.411666666667,0.6149776108593678
1994-04-01,3.555,16.3525,2.36111111111111,5.99,6.4,7203.171333333333,0.611218752378851
1994-05-01,4.010967741935484,17.904545454545453,2.28848821081832,6.34,6.1,7246.931,0.6075055644472174
1994-06-01,4.245666666666667,19.06,2.49307479224375,6.27,6.1,7274.978999999999,0.3870328005054799
1994-07-01,4.256129032258064,19.651666666666667,2.77008310249306,6.48,6.1,7303.027,0.3855406318011459
1994-08-01,4.474516129032258,18.383478260869566,2.90055248618783,6.5,6.0,7331.075,0.38405992474079276
1994-09-01,4.733666666666666,17.4525,2.96347346657477,6.69,5.9,7372.479333333333,0.5647784715520294
1994-10-01,4.76,17.716190476190476,2.60809883321896,7.04,5.8,7413.883666666667,0.5616066381648795
1994-11-01,5.294666666666667,18.069090909090907,2.67489711934154,7.44,5.6,7455.288,0.5584702322682737
1994-12-01,5.453225806451614,17.178409090909092,2.67489711934154,7.71,5.5,7477.621666666666,0.29956812757154966
1995-01-01,5.52741935483871,18.016363636363636,2.80437756497949,7.66,5.6,7499.955333333333,0.29867339726781233
1995-02-01,5.915357142857142,18.5855,2.86298568507159,7.25,5.4,7522.289,0.297783995691349
1995-03-01,5.976451612903226,18.539130434782606,2.85326086956522,6.89,5.4,7541.858333333334,0.26015130943963755
1995-04-01,6.047333333333333,19.8675,3.05291723202172,6.68,5.8,7561.4276666666665,0.2594762785034136
1995-05-01,6.009032258064516,19.699130434782607,3.1864406779661,6.27,5.6,7580.997,0.258804741591354
1995-06-01,6.001333333333333,18.44590909090909,3.04054054054055,5.8,5.6,7615.039666666667,0.44905263340252294
1995-07-01,5.851935483870967,17.322857142857142,2.76280323450136,5.89,5.7,7649.082333333334,0.44704516531518845
1995-08-01,5.735161290322581,18.020869565217392,2.61744966442954,6.1,5.7,7683.125,0.4450555659247438
1995-09-01,5.804666666666666,18.233214285714286,2.54350736278447,5.89,5.6,7712.945333333333,0.3881276607283249
1995-10-01,5.756129032258064,17.43318181818182,2.80936454849497,5.77,5.5,7742.765666666667,0.3866270541871772
1995-11-01,5.803,17.99881818181818,2.60521042084169,5.57,5.6,7772.586,0.3851380064582407
1995-12-01,5.601935483870967,19.035595238095237,2.53841015364063,5.39,5.6,7804.546666666667,0.41119733723971447
1996-01-01,5.564838709677419,18.893804347826087,2.72787757817697,5.2,5.6,7836.507333333333,0.40951342892432696
1996-02-01,5.224482758620689,19.16488095238095,2.65076209410206,5.14,5.5,7868.468,0.4078432560219664
1996-03-01,5.314193548387097,21.33238095238095,2.84015852047556,5.79,5.5,7923.258666666667,0.6963320771802944
1996-04-01,5.223666666666667,23.466136363636362,2.89664252797894,6.11,5.6,7978.049333333333,0.6915168237176501
1996-05-01,5.235161290322581,21.167826086956524,2.89093298291722,6.27,5.6,8032.84,0.6867677094668266
1996-06-01,5.2733333333333325,20.4235,2.75409836065573,6.49,5.3,8065.696,0.4090209689225699
1996-07-01,5.396451612903226,21.311521739130434,2.95081967213114,6.45,5.5,8098.552000000001,0.40735480236300353
1996-08-01,5.222903225806451,21.903181818181817,2.87769784172662,6.21,5.1,8131.408,0.40570215515069563
1996-09-01,5.299,23.928809523809523,3.00261096605744,6.41,5.2,8174.195666666667,0.5262024321823117
1996-10-01,5.2380645161290325,24.87913043478261,2.99284320104101,6.08,5.2,8216.983333333334,0.5234480358862564
1996-11-01,5.311000000000001,23.704761904761906,3.25520833333334,5.82,5.4,8259.771,0.5207223251030941
1996-12-01,5.2945161290322575,25.22159090909091,3.32247557003257,5.91,5.4,8294.065666666667,0.41520118011342766
1997-01-01,5.2545161290322575,25.157608695652176,3.0440414507772,6.16,5.3,8328.360333333334,0.41348438805464005
1997-02-01,5.185714285714285,22.19125,3.03421562298256,6.03,5.2,8362.655,0.41178173486809994
1997-03-01,5.386129032258064,20.948214285714286,2.7617212588311,6.38,5.2,8414.711666666668,0.6224897077144435
1997-04-01,5.507333333333333,19.695454545454545,2.49520153550862,6.61,5.1,8466.768333333333,0.6186387451976327
1997-05-01,5.5041935483870965,20.821590909090908,2.23499361430395,6.42,4.9,8518.825,0.6148351368221834
1997-06-01,5.555666666666666,19.26,2.29738353541801,6.24,5.0,8566.824333333334,0.5634501628256618
1997-07-01,5.521290322580645,19.656195652173913,2.22929936305732,6.0,4.9,8614.823666666667,0.5602931899346739
1997-08-01,5.542258064516129,19.95285714285714,2.22504767959313,6.06,4.8,8662.823,0.5571713965435763
1997-09-01,5.540666666666667,19.799204545454543,2.15462610899872,5.98,4.9,8697.184333333333,0.39665283861083583
1997-10-01,5.4961290322580645,21.32521739130435,2.08464939987364,5.84,4.7,8731.545666666667,0.39508571988797514
1997-11-01,5.5216666666666665,20.0764,1.82849936948297,5.76,4.6,8765.907,0.3935309353590092
1997-12-01,5.504838709677419,18.33021739130435,1.70239596469106,5.74,4.7,8799.431333333332,0.38243998405792845
1998-01-01,5.55741935483871,16.747840909090908,1.5713387806411,5.38,4.6,8832.955666666667,0.3809829529135632
1998-02-01,5.505714285714285,16.043875,1.44110275689222,5.43,4.6,8866.48,0.3795369817132125
1998-03-01,5.493548387096775,15.115454545454547,1.37499999999999,5.57,4.7,8900.886333333334,0.38804952284710803
1998-04-01,5.445333333333334,15.3625,1.43570536828965,5.58,4.3,8935.292666666666,0.3865495192819461
1998-05-01,5.488709677419355,14.912261904761905,1.68644597126797,5.61,4.4,8969.699,0.38506106757630837
1998-06-01,5.558666666666666,13.72181818181818,1.68434185901434,5.52,4.5,9020.165,0.5626275753511946
1998-07-01,5.5358064516129035,14.182717391304347,1.6822429906542,5.47,4.5,9070.631,0.5594797877865707
1998-08-01,5.546774193548386,13.47190476190476,1.61691542288557,5.24,4.5,9121.097,0.5563670267261489
1998-09-01,5.511666666666667,15.002840909090908,1.48883374689826,4.62,4.6,9178.728333333333,0.6318465129066472
1998-10-01,5.070967741935483,14.460909090909091,1.4851485148515,4.18,4.5,9236.359666666667,0.627879279573419
1998-11-01,4.826,12.812666666666665,1.54798761609908,4.57,4.4,9293.991,0.6239615542616859
1998-12-01,4.683548387096774,11.339565217391305,1.61190328580284,4.48,4.4,9333.221333333333,0.42210427504538106
1999-01-01,4.6325806451612905,12.482857142857142,1.67079207920794,4.61,4.3,9372.451666666668,0.42033004396054313
1999-02-01,4.764642857142857,11.9885,1.6059295861643,4.9,4.4,9411.682,0.4185706656973918
1999-03-01,4.809354838709678,14.676521739130434,1.72626387176327,5.11,4.2,9449.858,0.40562356441706676
1999-04-01,4.7363333333333335,17.28556818181818,2.27692307692307,5.03,4.3,9488.034,0.40398490643985846
1999-05-01,4.742258064516129,17.657857142857143,2.08845208845208,5.33,4.2,9526.21,0.4023594350526092
1999-06-01,4.764666666666667,17.923181818181817,1.96319018404907,5.7,4.3,9579.681999999999,0.5613145206750613
1999-07-01,4.994193548387097,20.087727272727275,2.14460784313725,5.62,4.3,9633.154,0.5581813676069997
1999-08-01,5.072258064516129,21.278636363636362,2.26438188494492,5.77,4.2,9686.626,0.5550829977388481
1999-09-01,5.224333333333333,23.734772727272727,2.62836185819072,5.75,4.2,9757.807,0.7348379095053376
1999-10-01,5.199999999999999,22.69142857142857,2.56097560975609,5.94,4.1,9828.988,0.7294774327879069
1999-11-01,5.42,25.103181818181817,2.62195121951219,5.92,4.1,9900.169,0.7241945966359965
1999-12-01,5.295806451612902,26.080652173913045,2.68456375838926,6.14,4.0,9934.172333333334,0.3434621503262622
2000-01-01,5.448387096774193,27.250833333333336,2.73889227023737,6.49,4.0,9968.175666666666,0.3422865256649181
2000-02-01,5.7348275862068965,29.377142857142854,3.22188449848025,6.65,4.1,10002.179,0.3411189215599432
2000-03-01,5.853548387096774,29.84173913043478,3.75757575757575,6.53,4.0,10084.026,0.8182916942398227
2000-04-01,6.019666666666667,25.802,3.06859205776174,6.36,3.8,10165.873,0.8116500294624365
2000-05-01,6.268064516129033,28.849999999999998,3.18892900120338,6.77,4.0,10247.72,0.8051153108050805
2000-06-01,6.528333333333333,31.82227272727273,3.73044524669075,6.43,4.0,10271.201666666666,0.22914040066147953
2000-07-01,6.5445161290322575,29.846095238095238,3.65926814637075,6.28,4.0,10294.683333333334,0.2286165477879176
2000-08-01,6.496774193548387,31.26391304347826,3.41113105924597,6.17,4.1,10318.165,0.2280950846796314
2000-09-01,6.5169999999999995,33.87976190476191,3.45443716497914,6.02,3.9,10357.358,0.3798446719935114
2000-10-01,6.509354838709677,33.108636363636364,3.44827586206897,5.85,3.9,10396.551000000001,0.3784073119805371
2000-11-01,6.514333333333334,34.49181818181818,3.44622697563873,5.79,3.9,10435.744,0.3769807891097663
2000-12-01,6.402258064516129,28.35809523809524,3.38680926916221,5.26,3.9,10447.239666666666,0.11015665645559898
2001-01-01,5.975806451612903,29.504673913043476,3.73222748815164,4.77,4.2,10458.735333333334,0.11003544508839101
2001-02-01,5.494285714285715,29.566750000000003,3.53356890459364,4.71,4.2,10470.231,0.10991450017888507
2001-03-01,5.3109677419354835,27.244545454545456,2.92056074766355,4.43,4.3,10513.154,0.40995275080368987
2001-04-01,4.8020000000000005,27.55071428571428,3.26911850554583,4.42,4.4,10556.077,0.4082789998129854
2001-05-01,4.21225806451613,28.627391304347825,3.61516034985422,4.51,4.3,10599.0,0.406618860396724
2001-06-01,3.969666666666667,27.59904761904762,3.24825986078885,4.35,4.5,10598.673333333334,-0.00308205176588277
2001-07-01,3.769032258064516,26.436136363636365,2.7199074074074,4.31,4.6,10598.346666666666,-0.003082146759258553
2001-08-01,3.6525806451612906,27.37391304347826,2.7199074074074,4.04,4.9,10598.02,-0.003082241758455861
2001-09-01,3.069,26.232875,2.64824409902132,3.45,5.0,10618.835000000001,0.19640461142742238
2001-10-01,2.485161290322581,22.169565217391302,2.12643678160919,3.14,5.3,10639.65,0.19601961985470806
2001-11-01,2.087,19.529363636363637,1.89546237794372,3.22,5.5,10660.465,0.19563613464729113
2001-12-01,1.817741935483871,19.515142857142855,1.55172413793103,3.62,5.7,10701.476666666667,0.38470804666276026
2002-01-01,1.7296774193548385,19.688260869565216,1.14220445459737,3.56,5.7,10742.488333333333,0.3832337157208404
2002-02-01,1.7396428571428573,20.73475,1.13765642775882,3.55,5.7,10783.5,0.38177064190435606
2002-03-01,1.73,24.618214285714284,1.47559591373441,4.14,5.7,10818.153333333334,0.3213551567981977
2002-04-01,1.7530000000000001,26.179090909090913,1.63934426229508,4.01,5.9,10852.806666666665,0.3203257734067844
2002-05-01,1.751290322580645,26.97358695652174,1.1817670230726,3.8,5.8,10887.46,0.3193029637187583
2002-06-01,1.7503333333333333,25.5185,1.06741573033709,3.49,5.8,10919.653333333334,0.295691863238391
2002-07-01,1.729032258064516,26.935739130434786,1.46478873239436,3.01,5.8,10951.846666666666,0.2948201041791257
2002-08-01,1.7432258064516128,28.385,1.80281690140844,2.52,5.7,10984.04,0.2939534702519075
2002-09-01,1.7506666666666668,29.587261904761903,1.51430173864273,2.32,5.7,11009.837666666668,0.23486501020268755
2002-10-01,1.7548387096774194,28.836521739130436,2.02588632526732,2.25,5.7,11035.635333333334,0.23431468698916746
2002-11-01,1.3359999999999999,26.412857142857142,2.19842164599775,2.32,5.9,11061.433,0.23376693672311705
2002-12-01,1.2383870967741937,29.593181818181815,2.37691001697794,2.23,6.0,11098.998333333335,0.3396063903594942
2003-01-01,1.2351612903225806,32.95282608695652,2.5974025974026,2.18,5.8,11136.563666666667,0.33845696886459653
2003-02-01,1.2621428571428572,35.877625,2.98087739032619,2.05,5.9,11174.129,0.3373153017188987
2003-03-01,1.2529032258064516,33.513333333333335,3.0201342281879,1.98,5.9,11220.341333333334,0.4135654182382621
2003-04-01,1.258,28.265681818181818,2.22469410456062,2.06,6.0,11266.553666666667,0.41186209902586085
2003-05-01,1.2590322580645161,28.165681818181817,2.05784204671857,1.75,6.1,11312.766,0.4101727529160686
2003-06-01,1.2226666666666666,30.66238095238095,2.11228460255697,1.51,6.3,11397.400333333333,0.7481312115298188
2003-07-01,1.011290322580645,30.735326086956523,2.10993892282067,1.93,6.2,11482.034666666666,0.7425757704220336
2003-08-01,1.0290322580645161,31.573809523809523,2.15827338129497,2.44,6.1,11566.669,0.7371022278745958
2003-09-01,1.01,28.393522727272728,2.32044198895027,2.23,6.1,11635.190666666667,0.5924062205520659
2003-10-01,1.01,30.338260869565215,2.04081632653061,2.26,6.0,11703.712333333333,0.5889174370212208
2003-11-01,0.996,31.0173,1.7650303364589,2.45,5.8,11772.234,0.5854695050177451
2003-12-01,0.9841935483870967,32.191391304347825,1.87949143173024,2.44,5.7,11822.638333333334,0.42816285620328176
2004-01-01,0.9970967741935484,34.253522727272724,1.92625206384149,2.27,5.7,11873.042666666666,0.4263374376531468
2004-02-01,1.007241379310345,34.69925,1.69306389950846,2.25,5.6,11923.447,0.42452751791116716
2004-03-01,1.0016129032258065,36.74130434782609,1.73724212812162,2.0,5.8,11986.569666666666,0.5293994821016623
2004-04-01,1.004,36.775113636363635,2.28509249183896,2.57,5.6,12049.692333333334,0.526611603002694
2004-05-01,1.0045161290322582,40.34392857142857,3.05177111716622,3.1,5.6,12112.815,0.5238529326765343
2004-06-01,1.0256666666666667,38.034659090909095,3.26619488296135,3.26,5.6,12176.979000000001,0.5297199701308132
2004-07-01,1.2635483870967743,40.70920454545455,2.99075584556824,3.05,5.5,12241.143,0.5269287234543054
2004-08-01,1.4293548387096775,44.90318181818182,2.65438786565547,2.88,5.4,12305.307,0.5241667383511546
2004-09-01,1.605,45.81909090909091,2.53779697624191,2.83,5.4,12379.276,0.60111462477124
2004-10-01,1.7609677419354839,53.28047619047619,3.18918918918919,2.85,5.5,12453.245,0.5975228276677971
2004-11-01,1.932,48.545545454545454,3.52303523035231,3.09,5.4,12527.214,0.5939736992245727
2004-12-01,2.1561290322580646,43.09380434782609,3.25556158437331,3.21,5.4,12607.238,0.6388012530160292
2005-01-01,2.2793548387096774,46.913690476190474,2.96976241900649,3.39,5.3,12687.262,0.6347464845194583
2005-02-01,2.501785714285714,48.259625,3.0075187969925,3.54,5.4,12767.286,0.6307428663489366
2005-03-01,2.629032258064516,54.039130434782614,3.14834578441835,3.91,5.2,12819.076000000001,0.40564611774186676
2005-04-01,2.7849999999999997,52.97904761904762,3.51063829787233,3.79,5.2,12870.866,0.4040072779036418
2005-05-01,3.00258064516129,49.93102272727273,2.80274986779483,3.72,5.1,12922.656,0.40238162684625006
2005-06-01,3.0356666666666663,56.35227272727273,2.53031101739589,3.69,5.0,12995.984666666667,0.5674426887682092
2005-07-01,3.2625806451612904,59.022380952380956,3.16789862724393,3.91,5.0,13069.313333333334,0.5642409447800183
2005-08-01,3.4996774193548386,64.98521739130435,3.64116094986808,4.08,4.9,13142.642,0.5610751291702624
2005-09-01,3.6229999999999998,65.61,4.68667719852555,3.96,5.0,13203.162666666667,0.4604908713686886
2005-10-01,3.7793548387096774,62.260000000000005,4.34782608695652,4.29,5.0,13263.683333333332,0.4583800729764451
2005-11-01,3.999,58.298,3.45549738219894,4.43,5.0,13324.204,0.4562885372464454
2005-12-01,4.1570967741935485,59.35409090909091,3.41565948502364,4.39,4.9,13415.856,0.687860978411919
2006-01-01,4.285161290322581,65.36511363636363,3.98531725222863,4.35,4.7,13507.508,0.6831617751412958
2006-02-01,4.491428571428572,61.591874999999995,3.59749739311782,4.64,4.8,13599.16,0.6785263425348336
2006-03-01,4.589354838709677,62.68521739130435,3.3626487325401,4.74,4.7,13650.581333333334,0.378121393772363
2006-04-01,4.790333333333334,69.457625,3.54573484069888,4.89,4.7,13702.002666666667,0.37669702174344766
2006-05-01,4.940322580645161,70.88239130434783,4.16666666666665,4.97,4.6,13753.424,0.37528334057639706
2006-06-01,4.991,70.9509090909091,4.31876606683804,5.09,4.6,13792.345333333335,0.282993771829718
2006-07-01,5.235161290322581,74.45019047619047,4.1453428863869,5.07,4.7,13831.266666666666,0.2821951770542374
2006-08-01,5.2464516129032255,73.04304347826087,3.81873727087576,4.85,4.7,13870.188,0.28140107678737797
2006-09-01,5.254666666666666,64.03785714285715,2.06237424547282,4.69,4.5,13926.645333333334,0.407040865872429
2006-10-01,5.245161290322581,58.89318181818182,1.30522088353415,4.72,4.4,13983.102666666666,0.40539075981350414
2006-11-01,5.245666666666667,59.001,1.97368421052632,4.64,4.5,14039.56,0.40375397849232986
2006-12-01,5.2380645161290325,61.92547619047619,2.54065040650407,4.58,4.4,14098.257,0.4180829028829972
2007-01-01,5.248387096774193,54.65576086956521,2.07564296520424,4.79,4.6,14156.954,0.4163422471302667
2007-02-01,5.258928571428571,59.24425,2.41519879214898,4.75,4.5,14215.651,0.4146160254529337
2007-03-01,5.256774193548387,60.441818181818185,2.77877877877878,4.51,4.4,14277.794666666667,0.4371496364582025
2007-04-01,5.249666666666667,63.95773809523809,2.57369727047146,4.6,4.5,14339.938333333334,0.4352469559724735
2007-05-01,5.2535483870967745,63.458260869565216,2.69086419753088,4.69,4.4,14402.082,0.4333607664282157
2007-06-01,5.2540000000000004,67.48904761904762,2.68703794972894,5.0,4.6,14456.093666666668,0.37502679589428267
2007-07-01,5.258387096774193,74.00363636363636,2.35823095823096,4.82,4.7,14510.105333333333,0.3736255997787789
2007-08-01,5.022258064516129,72.35608695652174,1.97008337420303,4.34,4.6,14564.117,0.3722348351434014
2007-09-01,4.938,79.658875,2.75505174963037,4.06,4.7,14614.430666666667,0.3454632139158653
2007-10-01,4.755483870967741,85.7986956521739,3.53617443012883,4.01,4.7,14664.744333333334,0.34427387432494966
2007-11-01,4.486666666666666,94.9375,4.30620347394541,3.35,4.7,14715.058,0.3430926958085636
2007-12-01,4.244516129032259,91.84214285714286,4.0812685827552,3.13,5.0,14712.218,-0.019299957907064624
2008-01-01,3.9403225806451614,93.04532608695652,4.28029404790135,2.51,5.0,14709.378,-0.019303683509856537
2008-02-01,2.9806896551724136,95.55261904761905,4.02655541304871,2.19,4.9,14706.538,-0.019307410551283308
2008-03-01,2.6103225806451613,105.30630952380952,3.98145623125168,1.8,5.1,14759.592333333334,0.36075338283784725
2008-04-01,2.2783333333333333,112.58045454545454,3.93688977482752,2.23,5.0,14812.646666666666,0.3594566308820928
2008-05-01,1.9783870967741934,125.58420454545454,4.17554304180352,2.69,5.4,14865.701,0.35816916805774635
2008-06-01,2.001,133.88,5.02179004761172,3.08,5.6,14876.800333333333,0.07466404263972187
2008-07-01,2.009677419354839,133.84728260869565,5.60012290025396,2.87,5.8,14887.899666666666,0.07460833703914219
2008-08-01,1.996451612903226,116.66619047619047,5.37185511526235,2.7,6.1,14898.999,0.07455271449863722
2008-09-01,1.8116666666666668,104.43227272727272,4.9369274305722,2.32,6.1,14802.068666666666,-0.6505828568304065
2008-10-01,0.9693548387096774,76.6086956521739,3.65518627713749,1.86,6.5,14705.138333333334,-0.6548431541302935
2008-11-01,0.3876666666666667,57.17925,1.06957469180737,1.51,6.8,14608.208,-0.6591596157488285
2008-12-01,0.15516129032258064,40.866956521739134,0.0914129006455893,1.07,7.3,14549.105666666666,-0.40458304901829284
2009-01-01,0.15419354838709678,41.69806818181818,0.0298465036952666,1.13,7.8,14490.003333333334,-0.40622657287273134
2009-02-01,0.22214285714285714,38.914375,0.236191088037882,1.37,8.3,14430.901,-0.40788350405256985
2009-03-01,0.18064516129032257,47.939090909090915,-0.383556254917384,1.31,8.7,14414.346,-0.11471910173869457
2009-04-01,0.15033333333333332,49.74159090909091,-0.736885715216724,1.32,9.0,14397.791000000001,-0.11485085761087234
2009-05-01,0.1774193548387097,59.17702380952381,-1.28143579895861,1.39,9.4,14381.236,-0.11498291647656428
2009-06-01,0.20633333333333334,69.64090909090909,-1.42677604368987,1.76,9.5,14403.784666666666,0.15679227200405907
2009-07-01,0.15580645161290324,64.2336956521739,-2.09716135367605,1.55,9.5,14426.333333333334,0.15654681869029713
2009-08-01,0.16032258064516128,71.04476190476191,-1.48434861196061,1.65,9.6,14448.882,0.1563021326740382
2009-09-01,0.14666666666666667,69.44852272727273,-1.28620596664275,1.48,9.8,14516.337333333333,0.46685503648886695
2009-10-01,0.11806451612903227,75.71545454545455,-0.182848277486101,1.46,10.0,14583.792666666666,0.464685628229637
2009-11-01,0.119,77.92380952380952,1.83829586913028,1.32,9.9,14651.248,0.46253628857129936
2009-12-01,0.11806451612903227,74.59260869565217,2.72133112620585,1.38,9.9,14689.035666666667,0.2579143201088881
2010-01-01,0.11,78.42083333333333,2.62570864295763,1.49,9.8,14726.823333333334,0.2572508333710248
2010-02-01,0.12642857142857142,76.381125,2.14333177814537,1.4,9.8,14764.611,0.2565907515243754
2010-03-01,0.16451612903225807,81.20347826086957,2.31395944694395,1.51,9.9,14836.471666666666,0.48670883822584665
2010-04-01,0.19833333333333333,84.32443181818182,2.23644719564809,1.64,9.9,14908.332333333334,0.4843514568771622
2010-05-01,0.2006451612903226,73.70928571428571,2.02098608409396,1.32,9.6,14980.193,0.4820168014768043
2010-06-01,0.17666666666666667,75.3359090909091,1.05334897284567,1.17,9.4,15033.997,0.3591676021797589
2010-07-01,0.18258064516129033,76.1225,1.23519277830146,0.98,9.4,15087.801,0.357882205244554
2010-08-01,0.18935483870967743,76.59909090909092,1.1481045618392,0.78,9.5,15141.605,0.3566059759139194
2010-09-01,0.19466666666666665,75.19068181818182,1.14368265815928,0.74,9.5,15197.560333333333,0.3695469095471275
2010-10-01,0.19129032258064516,81.89285714285714,1.17218760552695,0.57,9.4,15253.515666666666,0.36818628849661195
2010-11-01,0.19433333333333333,84.22045454545454,1.14316091157028,0.67,9.8,15309.471,0.366835649932244
2010-12-01,0.1832258064516129,89.22119565217392,1.49572352731431,0.99,9.3,15323.462,0.09138787355879237
2011-01-01,0.16838709677419356,89.27749999999999,1.63184685744875,1.03,9.1,15337.453,0.09130443237957575
2011-02-01,0.15678571428571428,88.68674999999999,2.10758462865817,1.28,9.0,15351.444,0.09122114343235467
2011-03-01,0.13870967741935483,102.85652173913043,2.68160326424087,1.17,9.0,15420.141,0.4474953626512275
2011-04-01,0.098,109.63619047619048,3.16363085927646,1.21,9.1,15488.838,0.44550176292162386
2011-05-01,0.09387096774193548,100.95818181818181,3.56864578463458,0.94,9.0,15557.535,0.4435258474522112
2011-06-01,0.09200000000000001,96.26409090909091,3.55882825224234,0.71,9.1,15587.583666666667,0.1931454222450246
2011-07-01,0.07096774193548387,97.26011904761906,3.62871598222108,0.68,9.0,15617.632333333333,0.1927730898466538
2011-08-01,0.09580645161290323,86.33304347826088,3.77120817911978,0.38,9.0,15647.681,0.1924021901996849
2011-09-01,0.084,85.54204545454546,3.8683568410403,0.35,9.0,15712.543,0.4145150965181305
2011-10-01,0.0706451612903226,86.32238095238095,3.5251999213574,0.47,8.8,15777.405,0.41280396177754924
2011-11-01,0.081,97.13204545454546,3.39437759080085,0.39,8.6,15842.267,0.4111068962227893
2011-12-01,0.07161290322580646,98.66897727272728,2.96241884487108,0.39,8.5,15917.786,0.4766931399401376
2012-01-01,0.08193548387096775,100.34522727272726,2.92521671215085,0.36,8.3,15993.305,0.47443155725300135
2012-02-01,0.10379310344827586,102.34797619047619,2.87109878043822,0.38,8.3,16068.824,0.4721913325607199
2012-03-01,0.1267741935483871,106.15772727272729,2.65139819302177,0.51,8.2,16114.926,0.28690338508903296
2012-04-01,0.13933333333333334,103.30952380952381,2.30273981129894,0.43,8.2,16161.028,0.28608260441283295
2012-05-01,0.15580645161290324,94.48358695652173,1.7042537749376,0.39,8.2,16207.13,0.28526650656133357
2012-06-01,0.16166666666666668,82.30333333333333,1.66399376223851,0.39,8.2,16244.6,0.23119454215521912
2012-07-01,0.15645161290322582,87.87386363636364,1.40845070422536,0.33,8.2,16282.07,0.23066126589758656
2012-08-01,0.13225806451612904,94.13130434782609,1.69237899755015,0.37,8.1,16319.54,0.23013044410201627
2012-09-01,0.14433333333333334,94.569125,1.99128208066498,0.34,7.8,16353.155333333334,0.2059821130579243
2012-10-01,0.15838709677419355,89.4913043478261,2.16234359887113,0.37,7.8,16386.770666666667,0.20555869890634265
2012-11-01,0.16066666666666668,86.55477272727272,1.76413384608586,0.36,7.7,16420.386,0.20513702191311173
2012-12-01,0.16451612903225807,87.93761904761905,1.74102236874756,0.35,7.9,16489.940666666665,0.4235872814845333
2013-01-01,0.14258064516129032,94.71065217391303,1.59486466812257,0.39,8.0,16559.495333333332,0.4218005878412109
2013-02-01,0.14500000000000002,95.36875,1.97792350974904,0.4,7.7,16629.05,0.4200289034573249
2013-03-01,0.1435483870967742,93.14166666666667,1.47389621259677,0.39,7.5,16652.550333333333,0.14132096140990258
2013-04-01,0.145,92.02136363636363,1.06308538148945,0.34,7.6,16676.050666666666,0.14112152711103293
2013-05-01,0.10903225806451612,94.50684782608695,1.36196505885168,0.4,7.5,16699.551,0.1409226549083808
2013-06-01,0.09366666666666666,95.77250000000001,1.75441654537688,0.58,7.5,16770.056666666667,0.4222009721498969
2013-07-01,0.09258064516129033,104.57673913043477,1.9606816118444,0.64,7.3,16840.56233333333,0.4204259297871435
2013-08-01,0.08290322580645161,106.57272727272726,1.51836755954321,0.7,7.2,16911.068,0.41866575041328985
2013-09-01,0.08,106.39464285714286,1.18492526155215,0.78,7.2,16985.083333333332,0.4376739147009096
2013-10-01,0.08709677419354839,100.53826086956522,0.963612704643408,0.63,7.2,17059.09866666667,0.43576667762401206
2013-11-01,0.08433333333333333,93.7895238095238,1.23707220453391,0.58,6.9,17133.114,0.4338759906345939
2013-12-01,0.08516129032258064,97.68886363636365,1.50173561961839,0.69,6.7,17136.836333333333,0.021725959059931164
2014-01-01,0.07161290322580646,94.69510869565218,1.57894736842106,0.78,6.6,17140.558666666668,0.02172123991226175
2014-02-01,0.06642857142857143,100.875625,1.12634925010552,0.69,6.7,17144.281,0.021716522814219444
2014-03-01,0.07806451612903226,100.80380952380953,1.51220287576309,0.82,6.7,17250.421666666665,0.6191024672697923
2014-04-01,0.09033333333333333,102.17204545454545,1.95285789851675,0.88,6.2,17356.562333333335,0.6152931720606435
2014-05-01,0.08709677419354837,102.29806818181818,2.12711154993668,0.83,6.3,17462.703,0.6115304668530054
2014-06-01,0.09566666666666666,105.7942857142857,2.07234137316707,0.9,6.1,17556.211,0.5354726584996491
2014-07-01,0.09096774193548386,103.6333695652174,1.9923286357643,0.97,6.2,17649.719,0.5326206207022782
2014-08-01,0.08806451612903225,96.53619047619047,1.69961133416282,0.93,6.1,17743.227,0.5297988030290907
2014-09-01,0.08833333333333333,93.25477272727272,1.65791867571505,1.05,5.9,17779.664666666667,0.20536099023401166
2014-10-01,0.08903225806451612,84.39695652173914,1.66434021563205,0.88,5.7,17816.102333333332,0.20494012316766724
2014-11-01,0.09200000000000001,75.491,1.32235518237088,0.96,5.8,17852.54,0.20452097762424085
2014-12-01,0.12258064516129032,59.11021739130435,0.756493269655739,1.06,5.6,17898.809333333335,0.25917507163313247
2015-01-01,0.11483870967741935,47.48545454545455,-0.0893483130696457,0.9,5.7,17945.078666666668,0.2585050908786724
2015-02-01,0.11071428571428572,50.72175,-0.0251298018153031,0.99,5.5,17991.348,0.2578385650617393
2015-03-01,0.11290322580645161,47.82363636363636,-0.0736373908664181,1.02,5.4,18058.801,0.37491910000294415
2015-04-01,0.12466666666666668,54.24443181818182,-0.199517446176685,0.87,5.4,18126.254,0.37351870702823153
2015-05-01,0.12322580645161291,59.18988095238095,-0.0399327448507779,0.98,5.6,18193.707,0.3721287365828466
2015-06-01,0.129,59.819545454545455,0.123771203685436,1.07,5.3,18231.458,0.2074948222481554
2015-07-01,0.13032258064516128,51.11467391304348,0.169569779643243,1.03,5.2,18269.209,0.20706517273604888
2015-08-01,0.13806451612903226,42.86761904761905,0.195079293005743,1.03,5.1,18306.96,0.20663729885623514
2015-09-01,0.136,45.50068181818182,-0.0361297478059709,1.01,5.0,18315.333,0.04573670341771432
2015-10-01,0.1235483870967742,46.22363636363636,0.17057443573555,0.93,5.0,18323.706000000002,0.045715794520379355
2015-11-01,0.11766666666666666,42.3697619047619,0.501797578667902,1.2,5.1,18332.079,0.045694904731606104
2015-12-01,0.24064516129032257,37.19369565217391,0.729519786041594,1.28,5.0,18363.15466666667,0.1695152342877615
2016-01-01,0.3429032258064516,31.79738095238095,1.37308681383098,1.14,4.8,18394.230333333333,0.1692283664259134
2016-02-01,0.37517241379310345,30.265595238095237,1.01779978016546,0.9,4.9,18425.306,0.16894246784739547
2016-03-01,0.362258064516129,37.570543478260866,0.852536221142728,1.04,5.0,18487.409666666666,0.33705636512449755
2016-04-01,0.3653333333333333,40.7552380952381,1.12511041889441,0.92,5.1,18549.513333333332,0.33592411152461593
2016-05-01,0.36516129032258066,46.82386363636363,1.01932255419357,0.97,4.8,18611.617,0.33479943948214613
2016-06-01,0.37766666666666665,48.75727272727273,0.997326494523087,0.86,4.9,18666.231,0.2934403818862241
2016-07-01,0.3916129032258065,44.77773809523809,0.827138870498699,0.79,4.8,18720.844999999998,0.29258182865088167
2016-08-01,0.3967741935483871,44.72434782608696,1.06287450276103,0.85,4.9,18775.459,0.2917282847008317
2016-09-01,0.39633333333333337,45.162045454545456,1.46378364748158,0.9,5.0,18839.653,0.3419037585179649
2016-10-01,0.3964516129032258,49.775238095238095,1.63598752091762,0.99,4.9,18903.847,0.3407387598911888
2016-11-01,0.4066666666666666,45.70909090909091,1.69253716250378,1.22,4.7,18968.041,0.3395816735080404
2016-12-01,0.54,51.999886363636364,2.07462213296691,1.49,4.7,19029.998,0.32663889750132086
2017-01-01,0.6496774193548387,52.509772727272725,2.50004220905299,1.48,4.7,19091.955,0.3255754414687913
2017-02-01,0.6567857142857143,53.488375,2.73795817148932,1.47,4.6,19153.912,0.3245188876675988
2017-03-01,0.7861290322580645,49.32782608695652,2.38061243344026,1.59,4.4,19210.248,0.2941226836585619
2017-04-01,0.896,51.159875,2.1996898784173,1.44,4.5,19266.584,0.293260139067436
2017-05-01,0.9074193548387097,48.52597826086957,1.87487772084135,1.48,4.4,19322.92,0.2924026386825985
2017-06-01,1.04,45.177727272727275,1.63348795525647,1.49,4.3,19401.511,0.40672424250579287
2017-07-01,1.1506451612903223,46.511714285714284,1.7279784563725,1.54,4.3,19480.102,0.4050766973768195
2017-08-01,1.1570967741935483,48.03695652173913,1.93897421205818,1.48,4.4,19558.693,0.4034424460405821
2017-09-01,1.153333333333333,49.74964285714286,2.23296386500322,1.51,4.2,19666.783666666666,0.5526476982212817
2017-10-01,1.1538709677419354,51.57772727272727,2.04112870197618,1.68,4.1,19774.874333333333,0.5496102896065836
2017-11-01,1.1568965517241379,56.71909090909091,2.20258293868318,1.81,4.2,19882.965,0.5466060863125938
2017-12-01,1.2976666666666667,57.94547619047619,2.10908247456841,1.96,4.1,19969.882,0.43714305185369123
2018-01-01,1.4172413793103449,63.56445652173913,2.07050762027518,2.15,4.0,20056.799,0.43524042856135875
2018-02-01,1.4174074074074072,62.21325,2.21179542123865,2.36,4.1,20143.716,0.43335429546859044
2018-03-01,1.5061290322580645,62.80159090909091,2.35971140397292,2.42,4.0,20259.974666666665,0.5771460770528377
2018-04-01,1.6923333333333332,66.25380952380952,2.46274394333479,2.52,4.0,20376.233333333334,0.5738342153899457
2018-05-01,1.7,69.85217391304347,2.80101171480757,2.66,3.8,20492.492,0.5705601460524997
2018-06-01,1.8015999999999999,67.87333333333333,2.87154783531668,2.65,4.0,20548.028666666665,0.27100982480152663
2018-07-01,1.91,71.10136363636364,2.94951508664711,2.7,3.8,20603.565333333332,0.27027734663792496
2018-08-01,1.914782608695652,68.05565217391305,2.69918010418745,2.71,3.8,20659.102,0.2695488172467765
2018-09-01,1.9489473684210528,70.21175,2.27697219419899,2.84,3.7,20710.509666666665,0.24883785687618973
2018-10-01,2.188181818181818,70.74869565217391,2.52246992860703,2.94,3.8,20761.917333333335,0.24822019107240875
2018-11-01,2.1990000000000003,56.65090909090909,2.1766010321524,2.91,3.8,20813.325,0.2476055840186342
2018-12-01,2.2670000000000003,48.99714285714286,1.91015884863136,2.67,3.9,20876.080333333335,0.30151517517424253
2019-01-01,2.4,51.20915217391305,1.5512351381991,2.52,4.0,20938.835666666666,0.3006087940422793
2019-02-01,2.4,55.00625,1.52013526593331,2.48,3.8,21001.591,0.2997078459010834
2019-03-01,2.4038095238095236,58.151428571428575,1.86252274056917,2.37,3.8,21097.483333333334,0.45659556618035857
2019-04-01,2.4231818181818183,63.88818181818181,1.99643977553026,2.31,3.7,21193.375666666667,0.4545202468856865
2019-05-01,2.3927272727272726,60.7379347826087,1.79022846876639,2.16,3.7,21289.268,0.45246370772426997
2019-06-01,2.3754999999999997,54.657500000000006,1.64848465607624,1.78,3.6,21361.182666666668,0.3377977423491849
2019-07-01,2.402727272727273,57.339739130434786,1.81146480639351,1.8,3.6,21433.09733333333,0.3366605107444917
2019-08-01,2.125,54.80590909090909,1.74977988942916,1.51,3.7,21505.012,0.33553091066695173
2019-09-01,2.0524999999999998,56.81619047619048,1.71130451316952,1.59,3.5,21568.160666666667,0.2936462749551958
2019-10-01,1.8299999999999998,53.96304347826087,1.7640429444214,1.53,3.6,21631.30933333333,0.2927865182507645
2019-11-01,1.5526315789473684,57.08607142857142,2.05127798189161,1.61,3.6,21694.458,0.291931781352492
2019-12-01,1.5509523809523809,59.89068181818182,2.28512974012172,1.63,3.6,21623.427666666666,-0.327412343435048
2020-01-01,1.5519047619047621,57.712173913043486,2.48657195525045,1.52,3.5,21552.39733333333,-0.3284878532131695
2020-02-01,1.5836842105263158,50.619625,2.33487356394594,1.31,3.5,21481.367,-0.32957045211613384
2020-03-01,0.6254545454545455,29.207727272727276,1.53932699191982,0.5,4.4,20813.392666666667,-3.1095522614242
2020-04-01,0.04863636363636364,16.83022727272727,0.329096686336815,0.28,14.8,20145.41833333333,-3.2093486344641846
2020-05-01,0.05,28.840357142857144,0.117926370210715,0.22,13.2,19477.444,-3.315763029989194
2020-06-01,0.07681818181818181,38.307272727272725,0.645733047555484,0.22,11.0,20031.154,2.842826810335068
2020-07-01,0.09347826086956522,40.70369565217391,0.986081825303721,0.17,10.2,20584.864,2.7642441369079522
2020-08-01,0.09476190476190476,42.33904761904762,1.3096453823307,0.16,8.4,21138.574,2.6898890369156634
2020-09-01,0.09,39.54068181818182,1.37132486105647,0.16,7.9,21251.58166666667,0.5346040213813299
2020-10-01,0.09,39.39590909090909,1.18206616772747,0.19,6.9,21364.589333333333,0.5317612045973892
2020-11-01,0.08684210526315789,41.36866666666666,1.17453578426798,0.22,6.7,21477.597,0.5289484618847884
2020-12-01,0.09,47.06782608695652,1.36200549471932,0.19,6.7,21664.473333333335,0.8700988911065497
2021-01-01,0.08526315789473683,51.85738095238096,1.39976974156009,0.2,6.4,21851.349666666665,0.8625934748471304
2021-02-01,0.07578947368421053,59.090374999999995,1.67621521737451,0.21,6.2,22038.226,0.8552164336942801
2021-03-01,0.06956521739130435,62.333043478260876,2.61976250895919,0.32,6.0,22272.47033333333,1.0629001324032714
2021-04-01,0.06863636363636365,61.67227272727273,4.15969483870212,0.35,6.0,22506.714666666667,1.0517213844158186
2021-05-01,0.0595,65.2770238095238,4.99270653759447,0.32,5.8,22740.959,1.0407753277303387
2021-06-01,0.07727272727272727,71.37818181818182,5.39145141332134,0.39,5.9,22894.754,0.6762907404212896
2021-07-01,0.09857142857142859,72.55670454545454,5.36547523938539,0.4,5.4,23048.549,0.671747772437294
2021-08-01,0.09318181818181817,67.73045454545455,5.25127155487501,0.42,5.2,23202.344,0.6672654317631964
2021-09-01,0.07904761904761906,71.51238636363637,5.39034885507916,0.47,4.7,23469.167666666668,1.1499858232714208
2021-10-01,0.0795,81.47666666666666,6.2218689033289,0.67,4.6,23735.99133333333,1.1369115021732703
2021-11-01,0.0795,78.8420909090909,6.80900283980648,0.82,4.2,24002.815,1.1241311261011322
2021-12-01,0.07956521739130436,71.82391304347826,7.03640286554513,0.95,3.9,24130.788,0.533158298307935
2022-01-01,0.08,83.30761904761906,7.47987246828913,1.25,4.0,24258.761,0.5303307956623635
2022-02-01,0.08,91.653875,7.87106389773928,1.65,3.8,24386.734,0.5275331250429558
2022-03-01,0.19956521739130434,108.50260869565217,8.54245555484244,2.09,3.6,24552.115333333335,0.6781610581119005
2022-04-01,0.33,102.03523809523809,8.25862934088236,2.72,3.6,24717.496666666666,0.6735930126102005
2022-05-01,0.7585714285714286,109.7784090909091,8.58151154367651,2.79,3.6,24882.878,0.6690860954230989
